stockRoute,stockTicker
aacg,AACG
aadi,AADI
aal,AAL
aame,AAME
aaoi,AAOI
aaon,AAON
aapl,AAPL
abcb,ABCB
abcl,ABCL
abcm,ABCM
abeo,ABEO
abio,ABIO
abnb,ABNB
abos,ABOS
absi,ABSI
abst,ABST
abus,ABUS
abvc,ABVC
acabu,ACABU
acac,ACAC
acacu,ACACU
acad,ACAD
acah,ACAH
acahu,ACAHU
acax,ACAX
acb,ACB
acba,ACBA
acbau,ACBAU
accd,ACCD
acdc,ACDC
acer,ACER
acet,ACET
acgl,ACGL
acgln,ACGLN
acglo,ACGLO
acgn,ACGN
achc,ACHC
achl,ACHL
achv,ACHV
aciu,ACIU
aciw,ACIW
acls,ACLS
aclx,ACLX
acmr,ACMR
acnb,ACNB
acnt,ACNT
acon,ACON
acor,ACOR
acrs,ACRS
acrv,ACRV
acrx,ACRX
acst,ACST
actg,ACTG
acva,ACVA
acxp,ACXP
adag,ADAG
adal,ADAL
adap,ADAP
adbe,ADBE
add,ADD
adea,ADEA
ader,ADER
aderu,ADERU
ades,ADES
adi,ADI
adil,ADIL
adma,ADMA
admp,ADMP
adn,ADN
adoc,ADOC
adp,ADP
adpt,ADPT
adse,ADSE
adsk,ADSK
adth,ADTH
adtn,ADTN
adtx,ADTX
adus,ADUS
adv,ADV
advm,ADVM
adxn,ADXN
aeae,AEAE
aeaeu,AEAEU
aehl,AEHL
aehr,AEHR
aei,AEI
aeis,AEIS
aemd,AEMD
aep,AEP
aeppz,AEPPZ
aey,AEY
aeye,AEYE
aezs,AEZS
afar,AFAR
afaru,AFARU
afbi,AFBI
afcg,AFCG
afib,AFIB
afmd,AFMD
afri,AFRI
afrm,AFRM
afya,AFYA
agae,AGAE
agba,AGBA
agen,AGEN
agfs,AGFS
agfy,AGFY
agil,AGIL
agio,AGIO
agmh,AGMH
agnc,AGNC
agncl,AGNCL
agncm,AGNCM
agncn,AGNCN
agnco,AGNCO
agncp,AGNCP
agri,AGRI
agrx,AGRX
agys,AGYS
ahco,AHCO
ahg,AHG
ahi,AHI
ahrn,AHRN
ahrnu,AHRNU
aib,AIB
aih,AIH
aihs,AIHS
aimau,AIMAU
aimbu,AIMBU
aimc,AIMC
aimd,AIMD
aip,AIP
airg,AIRG
airs,AIRS
airt,AIRT
airtp,AIRTP
aixi,AIXI
akam,AKAM
akan,AKAN
akba,AKBA
akli,AKLI
akro,AKRO
akts,AKTS
aku,AKU
akya,AKYA
alar,ALAR
albt,ALBT
alco,ALCO
aldx,ALDX
alec,ALEC
algm,ALGM
algn,ALGN
algs,ALGS
algt,ALGT
alhc,ALHC
alim,ALIM
alks,ALKS
alkt,ALKT
allk,ALLK
allo,ALLO
allr,ALLR
allt,ALLT
alny,ALNY
alot,ALOT
alpau,ALPAU
alpn,ALPN
alpp,ALPP
alps,ALPS
alrm,ALRM
alrn,ALRN
alrs,ALRS
alsa,ALSA
alt,ALT
alti,ALTI
alto,ALTO
altr,ALTR
altu,ALTU
altuu,ALTUU
alvo,ALVO
alvr,ALVR
alxo,ALXO
alya,ALYA
alzn,ALZN
amal,AMAL
amam,AMAM
amao,AMAO
amaou,AMAOU
amat,AMAT
amba,AMBA
amcx,AMCX
amd,AMD
amed,AMED
ameh,AMEH
amgn,AMGN
amkr,AMKR
amli,AMLI
amlx,AMLX
amnb,AMNB
amot,AMOT
ampg,AMPG
amph,AMPH
ampl,AMPL
amrk,AMRK
amrn,AMRN
amrs,AMRS
amsc,AMSC
amsf,AMSF
amst,AMST
amswa,AMSWA
amtb,AMTB
amti,AMTI
amtx,AMTX
amv,AMV
amwd,AMWD
amyt,AMYT
amzn,AMZN
anab,ANAB
aneb,ANEB
angh,ANGH
angi,ANGI
angn,ANGN
ango,ANGO
anik,ANIK
anip,ANIP
anix,ANIX
annx,ANNX
anpc,ANPC
anss,ANSS
ante,ANTE
antx,ANTX
any,ANY
anzu,ANZU
aogo,AOGO
aosl,AOSL
aout,AOUT
apa,APA
apac,APAC
apacu,APACU
apcx,APCX
apdn,APDN
apei,APEI
apen,APEN
apgn,APGN
apld,APLD
apls,APLS
aplt,APLT
apm,APM
apmi,APMI
apmiu,APMIU
apog,APOG
app,APP
appf,APPF
apph,APPH
appn,APPN
apps,APPS
apre,APRE
aptm,APTM
aptmu,APTMU
apto,APTO
aptx,APTX
apvo,APVO
apwc,APWC
apxiu,APXIU
apyx,APYX
aqb,AQB
aqms,AQMS
aqst,AQST
aqu,AQU
aqunu,AQUNU
arav,ARAV
aray,ARAY
arbe,ARBE
arbg,ARBG
arbk,ARBK
arbkl,ARBKL
arcb,ARCB
arcc,ARCC
arce,ARCE
arct,ARCT
ards,ARDS
ardx,ARDX
arec,AREC
argx,ARGX
arhs,ARHS
ariz,ARIZ
arko,ARKO
arkr,ARKR
arlp,ARLP
arow,AROW
arqq,ARQQ
arqt,ARQT
arrw,ARRW
arry,ARRY
arte,ARTE
arteu,ARTEU
artl,ARTL
artna,ARTNA
arvl,ARVL
arvn,ARVN
arwr,ARWR
aryd,ARYD
arye,ARYE
asca,ASCA
ascb,ASCB
asle,ASLE
asln,ASLN
asmb,ASMB
asnd,ASND
asns,ASNS
aso,ASO
aspi,ASPI
asps,ASPS
aspu,ASPU
asrt,ASRT
asrv,ASRV
asst,ASST
astc,ASTC
aste,ASTE
asti,ASTI
astl,ASTL
astr,ASTR
asts,ASTS
asur,ASUR
asys,ASYS
atai,ATAI
atak,ATAK
ataku,ATAKU
atat,ATAT
atcol,ATCOL
atcx,ATCX
atec,ATEC
ater,ATER
atex,ATEX
atha,ATHA
athe,ATHE
athx,ATHX
atif,ATIF
atlo,ATLO
atlx,ATLX
atmc,ATMC
atmv,ATMV
atmvu,ATMVU
atnf,ATNF
atni,ATNI
atnx,ATNX
atom,ATOM
atos,ATOS
atra,ATRA
atrc,ATRC
atri,ATRI
atro,ATRO
atsg,ATSG
atvi,ATVI
atxg,ATXG
atxi,ATXI
atxs,ATXS
aty,ATY
aubn,AUBN
audc,AUDC
augx,AUGX
auid,AUID
auph,AUPH
aur,AUR
aura,AURA
aurc,AURC
aurcu,AURCU
autl,AUTL
auud,AUUD
auvi,AUVI
auvip,AUVIP
avac,AVAC
avah,AVAH
avav,AVAV
avdl,AVDL
avdx,AVDX
avgo,AVGO
avgr,AVGR
avid,AVID
avir,AVIR
avnw,AVNW
avo,AVO
avpt,AVPT
avro,AVRO
avt,AVT
avta,AVTA
avte,AVTE
avtx,AVTX
avxl,AVXL
awh,AWH
awin,AWIN
awre,AWRE
axdx,AXDX
axgn,AXGN
axla,AXLA
axnx,AXNX
axon,AXON
axsm,AXSM
axti,AXTI
ay,AY
ayro,AYRO
aytu,AYTU
az,AZ
azpn,AZPN
azta,AZTA
azyo,AZYO
back,BACK
baer,BAER
bafn,BAFN
band,BAND
banf,BANF
banfp,BANFP
banr,BANR
banx,BANX
baos,BAOS
base,BASE
bbby,BBBY
bbcp,BBCP
bbgi,BBGI
bbig,BBIG
bbio,BBIO
bblg,BBLG
bbsi,BBSI
bcab,BCAB
bcan,BCAN
bcbp,BCBP
bcda,BCDA
bcel,BCEL
bcli,BCLI
bcml,BCML
bcov,BCOV
bcow,BCOW
bcpc,BCPC
bcrx,BCRX
bcsau,BCSAU
bctx,BCTX
bcyc,BCYC
bdsx,BDSX
bdtx,BDTX
beam,BEAM
beat,BEAT
becn,BECN
beem,BEEM
belfa,BELFA
belfb,BELFB
bfc,BFC
bfi,BFI
bfin,BFIN
bfrg,BFRG
bfri,BFRI
bfst,BFST
bgcp,BGCP
bgfv,BGFV
bgne,BGNE
bgry,BGRY
bgxx,BGXX
bhac,BHAC
bhat,BHAT
bhf,BHF
bhfal,BHFAL
bhfam,BHFAM
bhfan,BHFAN
bhfao,BHFAO
bhfap,BHFAP
biaf,BIAF
bidu,BIDU
bigc,BIGC
biib,BIIB
bili,BILI
bimi,BIMI
bioc,BIOC
biol,BIOL
bior,BIOR
bios,BIOS
biox,BIOX
bird,BIRD
bitf,BITF
bivi,BIVI
bjdx,BJDX
bjri,BJRI
bkcc,BKCC
bkng,BKNG
bkr,BKR
bksc,BKSC
bkyi,BKYI
bl,BL
blac,BLAC
blacu,BLACU
blbd,BLBD
blbx,BLBX
blcm,BLCM
blde,BLDE
bldp,BLDP
bleu,BLEU
blfs,BLFS
blfy,BLFY
blin,BLIN
blkb,BLKB
blmn,BLMN
blng,BLNG
blngu,BLNGU
blnk,BLNK
blph,BLPH
blrx,BLRX
blte,BLTE
blue,BLUE
blze,BLZE
bmaq,BMAQ
bmaqu,BMAQU
bmbl,BMBL
bmea,BMEA
bmr,BMR
bmra,BMRA
bmrc,BMRC
bmrn,BMRN
bngo,BNGO
bnix,BNIX
bnnr,BNNR
bnox,BNOX
bnr,BNR
bnrg,BNRG
bnso,BNSO
bntc,BNTC
bntx,BNTX
bocn,BOCN
bocnu,BOCNU
bokf,BOKF
bolt,BOLT
bon,BON
boom,BOOM
botj,BOTJ
boxl,BOXL
bpac,BPAC
bpacu,BPACU
bpmc,BPMC
bpopm,BPOPM
bprn,BPRN
bpth,BPTH
bpts,BPTS
bpypm,BPYPM
bpypo,BPYPO
bpypp,BPYPP
brac,BRAC
bracu,BRACU
brag,BRAG
brea,BREA
brez,BREZ
brfh,BRFH
brid,BRID
briv,BRIV
brkh,BRKH
brkhu,BRKHU
brkl,BRKL
brkr,BRKR
brli,BRLI
brlt,BRLT
brog,BROG
brp,BRP
brqs,BRQS
brsh,BRSH
brtx,BRTX
bry,BRY
brze,BRZE
bsbk,BSBK
bset,BSET
bsfc,BSFC
bsga,BSGA
bsgau,BSGAU
bsgm,BSGM
bsqr,BSQR
bsrr,BSRR
bsvn,BSVN
bsy,BSY
btai,BTAI
btb,BTB
btbd,BTBD
btbt,BTBT
btcs,BTCS
btcy,BTCY
btmd,BTMD
btog,BTOG
bttx,BTTX
btwn,BTWN
btwnu,BTWNU
buse,BUSE
bvs,BVS
bvxv,BVXV
bwac,BWAC
bwacu,BWACU
bway,BWAY
bwb,BWB
bwbbp,BWBBP
bwc,BWC
bwen,BWEN
bwfg,BWFG
bwmn,BWMN
bwmx,BWMX
bwv,BWV
bxrx,BXRX
byfc,BYFC
bynd,BYND
byno,BYNO
bynou,BYNOU
byrn,BYRN
bysi,BYSI
byts,BYTS
bz,BZ
bzfd,BZFD
bzun,BZUN
caas,CAAS
caba,CABA
cac,CAC
cacc,CACC
caco,CACO
cadl,CADL
calb,CALB
calm,CALM
calt,CALT
camp,CAMP
camt,CAMT
can,CAN
capr,CAPR
car,CAR
cara,CARA
carg,CARG
carm,CARM
carv,CARV
casa,CASA
cash,CASH
casi,CASI
cass,CASS
catc,CATC
caty,CATY
cban,CBAN
cbat,CBAT
cbay,CBAY
cbfv,CBFV
cbio,CBIO
cbnk,CBNK
cbrg,CBRG
cbrgu,CBRGU
cbrl,CBRL
cbsh,CBSH
ccai,CCAI
ccaiu,CCAIU
ccap,CCAP
ccb,CCB
ccbg,CCBG
cccc,CCCC
cccs,CCCS
ccd,CCD
ccep,CCEP
ccld,CCLD
ccldo,CCLDO
ccldp,CCLDP
cclp,CCLP
ccne,CCNE
ccnep,CCNEP
ccoi,CCOI
ccrn,CCRN
ccsi,CCSI
cctsu,CCTSU
cd,CD
cdak,CDAK
cdaq,CDAQ
cdaqu,CDAQU
cdio,CDIO
cdlx,CDLX
cdmo,CDMO
cdna,CDNA
cdns,CDNS
cdro,CDRO
cdtx,CDTX
cdw,CDW
cdxc,CDXC
cdxs,CDXS
cdzi,CDZI
cdzip,CDZIP
cead,CEAD
ceco,CECO
ceg,CEG
celc,CELC
celh,CELH
cell,CELL
celu,CELU
celz,CELZ
cemi,CEMI
cenn,CENN
cent,CENT
centa,CENTA
cenx,CENX
cere,CERE
cers,CERS
cert,CERT
cetuu,CETUU
cetx,CETX
cetxp,CETXP
ceva,CEVA
cfb,CFB
cfbk,CFBK
cffeu,CFFEU
cffi,CFFI
cffn,CFFN
cffsu,CFFSU
cfiv,CFIV
cfivu,CFIVU
cflt,CFLT
cfms,CFMS
cfrx,CFRX
cfsb,CFSB
cg,CG
cgabl,CGABL
cgbd,CGBD
cgc,CGC
cgem,CGEM
cgen,CGEN
cgnt,CGNT
cgnx,CGNX
cgo,CGO
cgrn,CGRN
cgtx,CGTX
chci,CHCI
chco,CHCO
chdn,CHDN
cheau,CHEAU
chef,CHEF
chek,CHEK
chi,CHI
chk,CHK
chkp,CHKP
chmg,CHMG
chnr,CHNR
chrd,CHRD
chrs,CHRS
chscl,CHSCL
chscm,CHSCM
chscn,CHSCN
chsco,CHSCO
chscp,CHSCP
chtr,CHTR
chuy,CHUY
chw,CHW
chx,CHX
chy,CHY
cidm,CIDM
cifr,CIFR
cigi,CIGI
cih,CIH
ciig,CIIG
ciigu,CIIGU
cinf,CINF
cing,CING
ciso,CISO
cite,CITE
civb,CIVB
cizn,CIZN
cjjd,CJJD
ckpt,CKPT
clar,CLAR
clayu,CLAYU
clbk,CLBK
clbt,CLBT
cldx,CLDX
cleu,CLEU
clfd,CLFD
clgn,CLGN
clin,CLIN
clir,CLIR
clls,CLLS
clmb,CLMB
clmt,CLMT
clne,CLNE
clnn,CLNN
cloe,CLOE
clov,CLOV
clpt,CLPT
clrb,CLRB
clrc,CLRC
clrcu,CLRCU
clro,CLRO
clsd,CLSD
clsk,CLSK
clst,CLST
clvr,CLVR
clwt,CLWT
clxt,CLXT
cmax,CMAX
cmbm,CMBM
cmca,CMCA
cmcau,CMCAU
cmco,CMCO
cmcsa,CMCSA
cmct,CMCT
cme,CME
cmls,CMLS
cmmb,CMMB
cmnd,CMND
cmpo,CMPO
cmpr,CMPR
cmps,CMPS
cmpx,CMPX
cmra,CMRA
cmrx,CMRX
cmtl,CMTL
cndt,CNDT
cnet,CNET
cney,CNEY
cnfr,CNFR
cnfrl,CNFRL
cngl,CNGL
cnglu,CNGLU
cnob,CNOB
cnobp,CNOBP
cnsl,CNSL
cnsp,CNSP
cnta,CNTA
cntb,CNTB
cntg,CNTG
cntx,CNTX
cnty,CNTY
cnxa,CNXA
cnxc,CNXC
cnxn,CNXN
coco,COCO
cocp,COCP
coda,CODA
codx,CODX
coep,COEP
cofs,COFS
cogt,COGT
cohu,COHU
coin,COIN
coke,COKE
colb,COLB
coll,COLL
colm,COLM
comm,COMM
coms,COMS
comsp,COMSP
conn,CONN
conx,CONX
cool,COOL
coolu,COOLU
cort,CORT
cosm,COSM
cost,COST
coya,COYA
cpaa,CPAA
cpaau,CPAAU
cphc,CPHC
cpix,CPIX
cplp,CPLP
cpop,CPOP
cprt,CPRT
cprx,CPRX
cpsh,CPSH
cpsi,CPSI
cpss,CPSS
cptn,CPTN
cpz,CPZ
crai,CRAI
crbp,CRBP
crbu,CRBU
crct,CRCT
crdf,CRDF
crdl,CRDL
crdo,CRDO
crec,CREC
creg,CREG
cresy,CRESY
crex,CREX
crge,CRGE
crgo,CRGO
cris,CRIS
crkn,CRKN
crmd,CRMD
crmt,CRMT
crnc,CRNC
crnt,CRNT
crnx,CRNX
cron,CRON
crox,CROX
crsp,CRSP
crsr,CRSR
crto,CRTO
crus,CRUS
crvl,CRVL
crvs,CRVS
crwd,CRWD
crws,CRWS
crzn,CRZN
crznu,CRZNU
csbr,CSBR
csco,CSCO
csgp,CSGP
csgs,CSGS
csii,CSII
csiq,CSIQ
cspi,CSPI
csq,CSQ
csse,CSSE
cssen,CSSEN
cssep,CSSEP
cste,CSTE
cstl,CSTL
cstr,CSTR
cswc,CSWC
cswi,CSWI
ctas,CTAS
ctbi,CTBI
ctg,CTG
ctib,CTIB
ctic,CTIC
ctkb,CTKB
ctlp,CTLP
ctmx,CTMX
ctrm,CTRM
ctrn,CTRN
ctsh,CTSH
ctso,CTSO
ctxr,CTXR
cuba,CUBA
cue,CUE
cuen,CUEN
cull,CULL
curi,CURI
cutr,CUTR
cvac,CVAC
cvbf,CVBF
cvco,CVCO
cvcy,CVCY
cvgi,CVGI
cvgw,CVGW
cvkd,CVKD
cvlg,CVLG
cvlt,CVLT
cvly,CVLY
cvrx,CVRX
cvt,CVT
cvv,CVV
cwbc,CWBC
cwbr,CWBR
cwco,CWCO
cwst,CWST
cxai,CXAI
cxdo,CXDO
cyad,CYAD
cyan,CYAN
cybr,CYBR
cycc,CYCC
cycn,CYCN
cyn,CYN
cyrx,CYRX
cyt,CYT
cyth,CYTH
cytk,CYTK
cyto,CYTO
cyxt,CYXT
czfs,CZFS
cznc,CZNC
czr,CZR
czwi,CZWI
dada,DADA
daio,DAIO
dakt,DAKT
daln,DALN
dals,DALS
dare,DARE
dats,DATS
dawn,DAWN
dbgi,DBGI
dbtx,DBTX
dbvt,DBVT
dbx,DBX
dcbo,DCBO
dcfc,DCFC
dcgo,DCGO
dcom,DCOM
dcomp,DCOMP
dcph,DCPH
dct,DCT
dcth,DCTH
ddi,DDI
ddog,DDOG
deca,DECA
denn,DENN
derm,DERM
dffn,DFFN
dfli,DFLI
dghi,DGHI
dgica,DGICA
dgicb,DGICB
dgii,DGII
dgly,DGLY
dh,DH
dhac,DHAC
dhc,DHC
dhca,DHCA
dhcni,DHCNI
dhcnl,DHCNL
dhhc,DHHC
dhhcu,DHHCU
dhil,DHIL
dibs,DIBS
dice,DICE
diod,DIOD
disa,DISA
dish,DISH
distu,DISTU
djco,DJCO
dkdca,DKDCA
dkng,DKNG
dlhc,DLHC
dlo,DLO
dlpn,DLPN
dlth,DLTH
dltr,DLTR
dmac,DMAC
dmlp,DMLP
dmrc,DMRC
dmtk,DMTK
dnli,DNLI
dnut,DNUT
docu,DOCU
dogz,DOGZ
domh,DOMH
domo,DOMO
dooo,DOOO
dorm,DORM
dox,DOX
doyu,DOYU
dpcsu,DPCSU
dpro,DPRO
drct,DRCT
drio,DRIO
drma,DRMA
drrx,DRRX
drs,DRS
drts,DRTS
drtt,DRTT
drug,DRUG
drvn,DRVN
dsey,DSEY
dsgn,DSGN
dsgr,DSGR
dske,DSKE
dsp,DSP
dswl,DSWL
dtil,DTIL
dtoc,DTOC
dtocu,DTOCU
dtss,DTSS
dtst,DTST
duet,DUET
dune,DUNE
duneu,DUNEU
duo,DUO
duol,DUOL
duot,DUOT
dvax,DVAX
dwac,DWAC
dwacu,DWACU
dwsn,DWSN
dxcm,DXCM
dxlg,DXLG
dxpe,DXPE
dxr,DXR
dxyn,DXYN
dyai,DYAI
dyn,DYN
dynt,DYNT
dzsi,DZSI
ea,EA
eac,EAC
ear,EAR
east,EAST
ebay,EBAY
ebc,EBC
ebet,EBET
ebix,EBIX
ebmt,EBMT
ebon,EBON
ebtc,EBTC
ecbk,ECBK
ecor,ECOR
ecpg,ECPG
ecx,ECX
edap,EDAP
edbl,EDBL
edit,EDIT
edry,EDRY
edsa,EDSA
edtk,EDTK
educ,EDUC
eeft,EEFT
eeiq,EEIQ
efht,EFHT
efoi,EFOI
efsc,EFSC
efscp,EFSCP
eftr,EFTR
egan,EGAN
egbn,EGBN
eght,EGHT
egio,EGIO
eglx,EGLX
egrx,EGRX
eh,EH
ehth,EHTH
eigr,EIGR
ejh,EJH
ekso,EKSO
elbm,ELBM
eldn,ELDN
elev,ELEV
elox,ELOX
else,ELSE
eltk,ELTK
elvn,ELVN
elym,ELYM
elys,ELYS
em,EM
embc,EMBC
embk,EMBK
emcg,EMCG
emcgu,EMCGU
emkr,EMKR
eml,EML
emld,EMLD
emldu,EMLDU
encp,ENCP
ener,ENER
eng,ENG
enlt,ENLT
enlv,ENLV
enob,ENOB
enph,ENPH
ensc,ENSC
ensg,ENSG
enta,ENTA
entf,ENTF
entfu,ENTFU
entg,ENTG
entx,ENTX
envb,ENVB
envx,ENVX
eols,EOLS
eose,EOSE
epix,EPIX
epow,EPOW
epsn,EPSN
eq,EQ
eqbk,EQBK
eqix,EQIX
eqrx,EQRX
eras,ERAS
eres,ERES
eric,ERIC
erie,ERIE
erii,ERII
erna,ERNA
eryp,ERYP
esac,ESAC
esacu,ESACU
esca,ESCA
esea,ESEA
esgr,ESGR
eslt,ESLT
esoa,ESOA
espr,ESPR
essa,ESSA
esta,ESTA
etao,ETAO
etnb,ETNB
eton,ETON
etsy,ETSY
eucr,EUCR
eucru,EUCRU
euda,EUDA
evax,EVAX
evbg,EVBG
evcm,EVCM
ever,EVER
evgn,EVGN
evgo,EVGO
evgru,EVGRU
evlo,EVLO
evlv,EVLV
evo,EVO
evoj,EVOJ
evok,EVOK
evop,EVOP
evrg,EVRG
evtv,EVTV
ewbc,EWBC
ewcz,EWCZ
ewtx,EWTX
exai,EXAI
exas,EXAS
exc,EXC
exel,EXEL
exfy,EXFY
exls,EXLS
expd,EXPD
expe,EXPE
expi,EXPI
expo,EXPO
extr,EXTR
eye,EYE
eyen,EYEN
eypt,EYPT
ezfl,EZFL
ezgo,EZGO
ezpw,EZPW
fa,FA
fami,FAMI
fang,FANG
fanh,FANH
faro,FARO
fast,FAST
fat,FAT
fatbb,FATBB
fatbp,FATBP
fate,FATE
fatp,FATP
fatpu,FATPU
faze,FAZE
fbio,FBIO
fbiop,FBIOP
fbiz,FBIZ
fbms,FBMS
fbrx,FBRX
fcap,FCAP
fcbc,FCBC
fcco,FCCO
fcel,FCEL
fcfs,FCFS
fcnca,FCNCA
fcnco,FCNCO
fcncp,FCNCP
fcrx,FCRX
fcuv,FCUV
fdmt,FDMT
fdus,FDUS
feam,FEAM
feim,FEIM
fele,FELE
femy,FEMY
fenc,FENC
fexd,FEXD
fexdu,FEXDU
ffbc,FFBC
ffic,FFIC
ffie,FFIE
ffin,FFIN
ffiv,FFIV
ffnw,FFNW
ffwm,FFWM
fgbi,FGBI
fgbip,FGBIP
fgen,FGEN
fgf,FGF
fgfpp,FGFPP
fgi,FGI
fgmc,FGMC
fgmcu,FGMCU
fhb,FHB
fhtx,FHTX
fiac,FIAC
fiacu,FIACU
fibk,FIBK
ficv,FICV
ficvu,FICVU
finw,FINW
fip,FIP
fisi,FISI
fisv,FISV
five,FIVE
fivn,FIVN
fixx,FIXX
fizz,FIZZ
fkwl,FKWL
flex,FLEX
flfv,FLFV
flfvu,FLFVU
flgc,FLGC
flgt,FLGT
flj,FLJ
fll,FLL
flnc,FLNC
flnt,FLNT
flux,FLUX
flws,FLWS
flxs,FLXS
flyw,FLYW
fmao,FMAO
fmbh,FMBH
fmiv,FMIV
fmivu,FMIVU
fmnb,FMNB
fncb,FNCB
fnch,FNCH
fngr,FNGR
fnko,FNKO
fnlc,FNLC
fnvt,FNVT
fnwb,FNWB
fnwd,FNWD
focs,FOCS
fold,FOLD
fonr,FONR
fora,FORA
ford,FORD
forlu,FORLU
form,FORM
forr,FORR
forty,FORTY
fosl,FOSL
fosll,FOSLL
fox,FOX
foxa,FOXA
foxf,FOXF
fpay,FPAY
fraf,FRAF
frba,FRBA
frbk,FRBK
frbn,FRBN
free,FREE
freq,FREQ
frg,FRG
frgap,FRGAP
frgi,FRGI
frgt,FRGT
frhc,FRHC
frla,FRLA
frln,FRLN
frme,FRME
frmep,FRMEP
frog,FROG
frph,FRPH
frpt,FRPT
frsh,FRSH
frst,FRST
frsx,FRSX
frtx,FRTX
frza,FRZA
fsbc,FSBC
fsbw,FSBW
fsea,FSEA
fsfg,FSFG
fslr,FSLR
fsrx,FSRX
fsv,FSV
ftai,FTAI
ftaim,FTAIM
ftain,FTAIN
ftaio,FTAIO
ftaip,FTAIP
ftci,FTCI
ftdr,FTDR
ftek,FTEK
ftft,FTFT
fthm,FTHM
ftii,FTII
ftiiu,FTIIU
ftnt,FTNT
fulc,FULC
fult,FULT
fultp,FULTP
func,FUNC
fund,FUND
fusb,FUSB
fusn,FUSN
futu,FUTU
fuv,FUV
fvcb,FVCB
fwbi,FWBI
fwrd,FWRD
fwrg,FWRG
fxnc,FXNC
fybr,FYBR
gabc,GABC
gaia,GAIA
gain,GAIN
galt,GALT
gamb,GAMB
gamc,GAMC
gamcu,GAMCU
game,GAME
gan,GAN
ganx,GANX
gass,GASS
gate,GATE
gateu,GATEU
gbbk,GBBK
gbdc,GBDC
gbio,GBIO
gbnh,GBNH
gbny,GBNY
gbrg,GBRG
gcbc,GCBC
gcmg,GCMG
gct,GCT
gctk,GCTK
gdc,GDC
gden,GDEN
gdev,GDEV
gdnr,GDNR
gdrx,GDRX
gds,GDS
gdst,GDST
gdyn,GDYN
gecc,GECC
geccm,GECCM
geccn,GECCN
gecco,GECCO
geex,GEEX
geg,GEG
geggl,GEGGL
gehc,GEHC
gen,GEN
gene,GENE
genq,GENQ
geos,GEOS
gern,GERN
gevo,GEVO
gfgd,GFGD
gfgdu,GFGDU
gfs,GFS
ggaa,GGAA
ggaau,GGAAU
ggal,GGAL
gge,GGE
ggr,GGR
gh,GH
ghix,GHIX
ghixu,GHIXU
ghrs,GHRS
ghsi,GHSI
gifi,GIFI
giii,GIII
gild,GILD
gilt,GILT
gipr,GIPR
glad,GLAD
glbe,GLBE
glbs,GLBS
glbz,GLBZ
gldd,GLDD
glg,GLG
glli,GLLI
glmd,GLMD
glng,GLNG
glpg,GLPG
glpi,GLPI
glre,GLRE
glsi,GLSI
glst,GLST
glstu,GLSTU
glto,GLTO
glue,GLUE
glyc,GLYC
gmab,GMAB
gmbl,GMBL
gmblp,GMBLP
gmda,GMDA
gmfi,GMFI
gmfiu,GMFIU
gmgi,GMGI
gmvd,GMVD
gnft,GNFT
gnln,GNLN
gnlx,GNLX
gnpx,GNPX
gnss,GNSS
gnta,GNTA
gntx,GNTX
gnus,GNUS
go,GO
goco,GOCO
goev,GOEV
gogl,GOGL
gogo,GOGO
goog,GOOG
googl,GOOGL
goss,GOSS
govx,GOVX
gp,GP
gpac,GPAC
gpcr,GPCR
gpre,GPRE
gpro,GPRO
grab,GRAB
grcl,GRCL
grcy,GRCY
gree,GREE
greel,GREEL
grfs,GRFS
gril,GRIL
grin,GRIN
grnq,GRNQ
grom,GROM
grph,GRPH
grpn,GRPN
grrr,GRRR
grts,GRTS
grtx,GRTX
grwg,GRWG
gsbc,GSBC
gsd,GSD
gshd,GSHD
gsit,GSIT
gsm,GSM
gsmg,GSMG
gsrm,GSRM
gsrmu,GSRMU
gsun,GSUN
gt,GT
gtacu,GTACU
gtbp,GTBP
gtec,GTEC
gth,GTH
gthx,GTHX
gtim,GTIM
gtlb,GTLB
gtx,GTX
gtxap,GTXAP
gure,GURE
gvci,GVCI
gvciu,GVCIU
gvp,GVP
gwav,GWAV
gwrs,GWRS
gyro,GYRO
ha,HA
hafc,HAFC
haia,HAIA
haiau,HAIAU
hall,HALL
halo,HALO
harp,HARP
has,HAS
hayn,HAYN
hban,HBAN
hbanl,HBANL
hbanm,HBANM
hbanp,HBANP
hbcp,HBCP
hbio,HBIO
hbnc,HBNC
hbt,HBT
hcat,HCAT
hcci,HCCI
hcdi,HCDI
hcdip,HCDIP
hckt,HCKT
hcm,HCM
hcma,HCMA
hcmau,HCMAU
hcne,HCNE
hcneu,HCNEU
hcp,HCP
hcsg,HCSG
hcti,HCTI
hcwb,HCWB
hdsn,HDSN
hear,HEAR
hees,HEES
hele,HELE
hepa,HEPA
heps,HEPS
hexo,HEXO
hffg,HFFG
hfwa,HFWA
hgbl,HGBL
hgen,HGEN
hhgc,HHGC
hhrs,HHRS
hhs,HHS
hibb,HIBB
hifs,HIFS
hiho,HIHO
hils,HILS
himx,HIMX
hiti,HITI
hive,HIVE
hlbz,HLBZ
hlit,HLIT
hlmn,HLMN
hlne,HLNE
hlth,HLTH
hlvx,HLVX
hmacu,HMACU
hmnf,HMNF
hmpt,HMPT
hmst,HMST
hnna,HNNA
hnnaz,HNNAZ
hnrg,HNRG
hnvr,HNVR
hoft,HOFT
hofv,HOFV
holi,HOLI
holo,HOLO
holx,HOLX
hon,HON
hone,HONE
hood,HOOD
hook,HOOK
hope,HOPE
hoth,HOTH
hour,HOUR
hovnp,HOVNP
howl,HOWL
hpco,HPCO
hpk,HPK
hplt,HPLT
hpltu,HPLTU
hqi,HQI
hqy,HQY
hrmy,HRMY
hrow,HROW
hrowl,HROWL
hrowm,HROWM
hrtx,HRTX
hrzn,HRZN
hsai,HSAI
hscs,HSCS
hsdt,HSDT
hsii,HSII
hska,HSKA
hson,HSON
hspo,HSPO
hspou,HSPOU
hst,HST
hstm,HSTM
hsto,HSTO
htbi,HTBI
htbk,HTBK
htcr,HTCR
htfb,HTFB
htfc,HTFC
htgm,HTGM
htht,HTHT
htia,HTIA
htibp,HTIBP
htld,HTLD
htlf,HTLF
htlfp,HTLFP
htoo,HTOO
htz,HTZ
hubc,HUBC
hubg,HUBG
huda,HUDA
hudau,HUDAU
hudi,HUDI
huge,HUGE
huiz,HUIZ
huma,HUMA
hurc,HURC
hurn,HURN
hut,HUT
hvbc,HVBC
hwbk,HWBK
hwc,HWC
hwcpz,HWCPZ
hwelu,HWELU
hwkn,HWKN
hyfm,HYFM
hymc,HYMC
hypr,HYPR
hyw,HYW
hyzn,HYZN
hznp,HZNP
iac,IAC
iart,IART
ias,IAS
ibcp,IBCP
ibex,IBEX
ibkr,IBKR
iboc,IBOC
ibrx,IBRX
ibtx,IBTX
icad,ICAD
iccc,ICCC
icch,ICCH
iccm,ICCM
icfi,ICFI
icg,ICG
ichr,ICHR
iclk,ICLK
icmb,ICMB
icpt,ICPT
icu,ICU
icui,ICUI
icvx,ICVX
idai,IDAI
idba,IDBA
idcc,IDCC
idex,IDEX
idn,IDN
idxx,IDXX
idya,IDYA
iep,IEP
iesc,IESC
ifbd,IFBD
ifrx,IFRX
igic,IGIC
igms,IGMS
igta,IGTA
ihrt,IHRT
iii,III
iiiv,IIIV
ikna,IKNA
ikt,IKT
ilag,ILAG
ilmn,ILMN
ilpt,ILPT
imab,IMAB
imaq,IMAQ
imaqu,IMAQU
imbi,IMBI
imbil,IMBIL
imcc,IMCC
imcr,IMCR
imgn,IMGN
imkta,IMKTA
immp,IMMP
immr,IMMR
immx,IMMX
imnm,IMNM
imnn,IMNN
imos,IMOS
impl,IMPL
impp,IMPP
imppp,IMPPP
imrn,IMRN
imrx,IMRX
imte,IMTE
imtx,IMTX
imux,IMUX
imv,IMV
imvt,IMVT
imxi,IMXI
inab,INAB
inbk,INBK
inbkz,INBKZ
inbs,INBS
inbx,INBX
incr,INCR
incy,INCY
indb,INDB
indi,INDI
indp,INDP
indt,INDT
infi,INFI
infn,INFN
ingn,INGN
inka,INKA
inkau,INKAU
inkt,INKT
inm,INM
inmb,INMB
inmd,INMD
innv,INNV
ino,INO
inod,INOD
inpx,INPX
inse,INSE
insg,INSG
insm,INSM
inta,INTA
intc,INTC
inte,INTE
inteu,INTEU
intg,INTG
intr,INTR
intu,INTU
intz,INTZ
inva,INVA
inve,INVE
invo,INVO
invz,INVZ
inzy,INZY
iobt,IOBT
ionm,IONM
ionr,IONR
ions,IONS
iosp,IOSP
iova,IOVA
ipa,IPA
ipar,IPAR
ipgp,IPGP
ipha,IPHA
ipsc,IPSC
ipvi,IPVI
ipw,IPW
ipwr,IPWR
ipx,IPX
iq,IQ
iqmd,IQMD
iqmdu,IQMDU
iraa,IRAA
irbt,IRBT
irdm,IRDM
iren,IREN
irix,IRIX
irmd,IRMD
iroq,IROQ
irtc,IRTC
irwd,IRWD
isee,ISEE
isig,ISIG
iso,ISO
ispc,ISPC
ispo,ISPO
isrg,ISRG
isrl,ISRL
isrlu,ISRLU
issc,ISSC
istr,ISTR
isun,ISUN
itaq,ITAQ
itci,ITCI
iti,ITI
itic,ITIC
itos,ITOS
itri,ITRI
itrm,ITRM
itrn,ITRN
iva,IVA
ivac,IVAC
ivca,IVCA
ivcbu,IVCBU
ivcp,IVCP
ivcpu,IVCPU
ivda,IVDA
ivvd,IVVD
ixaq,IXAQ
ixaqu,IXAQU
ixhl,IXHL
izea,IZEA
izm,IZM
jack,JACK
jagx,JAGX
jakk,JAKK
jamf,JAMF
jan,JAN
janx,JANX
jaqc,JAQC
jaqcu,JAQCU
jazz,JAZZ
jbht,JBHT
jblu,JBLU
jbss,JBSS
jcse,JCSE
jctcf,JCTCF
jd,JD
jewl,JEWL
jfin,JFIN
jfu,JFU
jg,JG
jggc,JGGC
jjsf,JJSF
jmac,JMAC
jmacu,JMACU
jmsb,JMSB
jnce,JNCE
joan,JOAN
jout,JOUT
jrvr,JRVR
jsm,JSM
jspr,JSPR
jugg,JUGG
juggu,JUGGU
jupw,JUPW
jva,JVA
jwac,JWAC
jwel,JWEL
jxjt,JXJT
jynt,JYNT
jz,JZ
jzxn,JZXN
ka,KA
kal,KAL
kala,KALA
kalu,KALU
kalv,KALV
karo,KARO
kavl,KAVL
kbal,KBAL
kbnt,KBNT
kc,KC
kdny,KDNY
kdp,KDP
ke,KE
kequ,KEQU
kern,KERN
kffb,KFFB
kfrc,KFRC
khc,KHC
kids,KIDS
kins,KINS
kirk,KIRK
kitt,KITT
klac,KLAC
klic,KLIC
kltr,KLTR
klxe,KLXE
kmda,KMDA
kndi,KNDI
knsa,KNSA
knte,KNTE
kod,KOD
kopn,KOPN
koss,KOSS
kplt,KPLT
kprx,KPRX
kpti,KPTI
krbp,KRBP
krkr,KRKR
krmd,KRMD
krnl,KRNL
krnlu,KRNLU
krnt,KRNT
krny,KRNY
kron,KRON
kros,KROS
krt,KRT
krtx,KRTX
krus,KRUS
krys,KRYS
kscp,KSCP
kspn,KSPN
ktcc,KTCC
ktra,KTRA
ktta,KTTA
kura,KURA
kvhi,KVHI
kvsa,KVSA
kvsc,KVSC
kwe,KWE
kxin,KXIN
kych,KYCH
kychu,KYCHU
kymr,KYMR
kzia,KZIA
kzr,KZR
lab,LAB
labp,LABP
lake,LAKE
lamr,LAMR
lanc,LANC
land,LAND
lark,LARK
lase,LASE
lasr,LASR
latg,LATG
laur,LAUR
lazr,LAZR
lazy,LAZY
lbai,LBAI
lbbb,LBBB
lbc,LBC
lbph,LBPH
lbrdk,LBRDK
lbrdp,LBRDP
lbtya,LBTYA
lbtyb,LBTYB
lbtyk,LBTYK
lca,LCA
lcaa,LCAA
lcahu,LCAHU
lcfy,LCFY
lcid,LCID
lcnb,LCNB
lcut,LCUT
le,LE
leco,LECO
leds,LEDS
legh,LEGH
legn,LEGN
lesl,LESL
lexx,LEXX
lfacu,LFACU
lfcr,LFCR
lfly,LFLY
lfmd,LFMD
lfmdp,LFMDP
lfst,LFST
lfus,LFUS
lfvn,LFVN
lghl,LGHL
lgih,LGIH
lgmk,LGMK
lgnd,LGND
lgo,LGO
lgst,LGST
lgstu,LGSTU
lgvcu,LGVCU
lgvn,LGVN
li,LI
lian,LIAN
liby,LIBY
libyu,LIBYU
licn,LICN
lidr,LIDR
life,LIFE
lifw,LIFW
lila,LILA
lilak,LILAK
lilm,LILM
linc,LINC
lind,LIND
link,LINK
lipo,LIPO
liqt,LIQT
lite,LITE
litm,LITM
litt,LITT
littu,LITTU
livb,LIVB
livbu,LIVBU
live,LIVE
livn,LIVN
lixt,LIXT
lizi,LIZI
lkco,LKCO
lkfn,LKFN
lkq,LKQ
lmat,LMAT
lmb,LMB
lmdx,LMDX
lmfa,LMFA
lmnl,LMNL
lmnr,LMNR
lmst,LMST
lnkb,LNKB
lnsr,LNSR
lnt,LNT
lnth,LNTH
lnw,LNW
lnza,LNZA
loan,LOAN
loco,LOCO
logi,LOGI
loop,LOOP
lope,LOPE
lov,LOV
love,LOVE
lpcn,LPCN
lpla,LPLA
lpro,LPRO
lpsn,LPSN
lpth,LPTH
lptx,LPTX
lqda,LQDA
lqdt,LQDT
lrcx,LRCX
lrfc,LRFC
lrmr,LRMR
lsak,LSAK
lsbk,LSBK
lscc,LSCC
lsdi,LSDI
lsea,LSEA
lsta,LSTA
lstr,LSTR
ltbr,LTBR
ltch,LTCH
ltrn,LTRN
ltrpa,LTRPA
ltrpb,LTRPB
ltrx,LTRX
ltry,LTRY
lucd,LUCD
lucy,LUCY
lulu,LULU
lumo,LUMO
luna,LUNA
lung,LUNG
lunr,LUNR
luxh,LUXH
lvacu,LVACU
lvlu,LVLU
lvo,LVO
lvox,LVOX
lvra,LVRA
lvrau,LVRAU
lvro,LVRO
lvtx,LVTX
lway,LWAY
lwlg,LWLG
lx,LX
lxeh,LXEH
lxrx,LXRX
lyel,LYEL
lyft,LYFT
lyra,LYRA
lyt,LYT
lyts,LYTS
lz,LZ
maca,MACA
macau,MACAU
mack,MACK
manh,MANH
maps,MAPS
maqc,MAQC
maqcu,MAQCU
mar,MAR
mara,MARA
mark,MARK
marps,MARPS
marx,MARX
marxu,MARXU
masi,MASI
mass,MASS
mat,MAT
math,MATH
matw,MATW
maxn,MAXN
mbcn,MBCN
mbio,MBIO
mbly,MBLY
mbnkp,MBNKP
mbot,MBOT
mbrx,MBRX
mbtc,MBTC
mbtcu,MBTCU
mbuu,MBUU
mbwm,MBWM
mcaa,MCAA
mcaau,MCAAU
mcac,MCAC
mcacu,MCACU
mcbc,MCBC
mcbs,MCBS
mcft,MCFT
mchp,MCHP
mchx,MCHX
mcld,MCLD
mcldp,MCLDP
mcrb,MCRB
mcvt,MCVT
mdb,MDB
mdgl,MDGL
mdgs,MDGS
mdia,MDIA
mdjh,MDJH
mdlz,MDLZ
mdna,MDNA
mdrx,MDRX
mdvl,MDVL
mdwd,MDWD
mdwt,MDWT
mdxg,MDXG
mdxh,MDXH
me,ME
medp,MEDP
meds,MEDS
megl,MEGL
meip,MEIP
meka,MEKA
meli,MELI
meoa,MEOA
meoau,MEOAU
meoh,MEOH
merc,MERC
mesa,MESA
meso,MESO
meta,META
metc,METC
metcl,METCL
metx,METX
mf,MF
mfh,MFH
mfic,MFIC
mfin,MFIN
mgam,MGAM
mgee,MGEE
mgi,MGI
mgic,MGIC
mgni,MGNI
mgnx,MGNX
mgol,MGOL
mgpi,MGPI
mgrc,MGRC
mgrx,MGRX
mgta,MGTA
mgtx,MGTX
mgyr,MGYR
mhua,MHUA
midd,MIDD
migi,MIGI
mind,MIND
mindp,MINDP
minm,MINM
mirm,MIRM
miro,MIRO
mist,MIST
mita,MITA
mitau,MITAU
mitk,MITK
mksi,MKSI
mktw,MKTW
mktx,MKTX
mkul,MKUL
mlab,MLAB
mlco,MLCO
mlec,MLEC
mlgo,MLGO
mlkn,MLKN
mltx,MLTX
mlvf,MLVF
mlys,MLYS
mmat,MMAT
mmlp,MMLP
mmmb,MMMB
mmsi,MMSI
mmv,MMV
mmyt,MMYT
mndy,MNDY
mnkd,MNKD
mnmd,MNMD
mnov,MNOV
mnpr,MNPR
mnro,MNRO
mnsb,MNSB
mnsbp,MNSBP
mnst,MNST
mntk,MNTK
mnts,MNTS
mntv,MNTV
mntx,MNTX
mob,MOB
mobq,MOBQ
mobv,MOBV
mobvu,MOBVU
modd,MODD
modv,MODV
mofg,MOFG
mogo,MOGO
momo,MOMO
mond,MOND
mor,MOR
morf,MORF
morn,MORN
mots,MOTS
move,MOVE
moxc,MOXC
mpaa,MPAA
mpb,MPB
mpra,MPRA
mprau,MPRAU
mpwr,MPWR
mq,MQ
mrai,MRAI
mram,MRAM
mrbk,MRBK
mrcc,MRCC
mrcy,MRCY
mreo,MREO
mrin,MRIN
mrkr,MRKR
mrm,MRM
mrna,MRNA
mrns,MRNS
mrsn,MRSN
mrtn,MRTN
mrtx,MRTX
mrus,MRUS
mrvi,MRVI
mrvl,MRVL
msbi,MSBI
msbip,MSBIP
msda,MSDA
msdau,MSDAU
msex,MSEX
msft,MSFT
msgm,MSGM
mssa,MSSA
mssau,MSSAU
mstr,MSTR
msvb,MSVB
mtac,MTAC
mtc,MTC
mtch,MTCH
mtek,MTEK
mtem,MTEM
mtex,MTEX
mtls,MTLS
mtp,MTP
mtrx,MTRX
mtry,MTRY
mtryu,MTRYU
mtsi,MTSI
mttr,MTTR
mu,MU
muln,MULN
murf,MURF
mvbf,MVBF
mvis,MVIS
mvla,MVLA
mvst,MVST
mxct,MXCT
mxl,MXL
myfw,MYFW
mygn,MYGN
mymd,MYMD
myna,MYNA
mynz,MYNZ
myps,MYPS
myrg,MYRG
mysz,MYSZ
na,NA
naas,NAAS
naii,NAII
nams,NAMS
naov,NAOV
nari,NARI
nath,NATH
nati,NATI
naut,NAUT
navi,NAVI
nbix,NBIX
nbn,NBN
nbrv,NBRV
nbse,NBSE
nbst,NBST
nbstu,NBSTU
nbtb,NBTB
nbtx,NBTX
ncac,NCAC
ncmi,NCMI
ncna,NCNA
ncno,NCNO
ncpl,NCPL
ncra,NCRA
ncsm,NCSM
ncty,NCTY
ndaq,NDAQ
ndls,NDLS
ndra,NDRA
ndsn,NDSN
necb,NECB
negg,NEGG
neo,NEO
neog,NEOG
neon,NEON
neov,NEOV
neph,NEPH
nept,NEPT
nerv,NERV
nesr,NESR
newt,NEWT
newtl,NEWTL
newtz,NEWTZ
nexi,NEXI
next,NEXT
nfbk,NFBK
nfe,NFE
nflx,NFLX
ngm,NGM
ngms,NGMS
nh,NH
nhic,NHIC
nhicu,NHICU
nhtc,NHTC
nice,NICE
nick,NICK
nisn,NISN
niu,NIU
nkla,NKLA
nksh,NKSH
nktr,NKTR
nktx,NKTX
nlsp,NLSP
nltx,NLTX
nmfc,NMFC
nmih,NMIH
nmrd,NMRD
nmrk,NMRK
nmtc,NMTC
nn,NN
nndm,NNDM
nnox,NNOX
nodk,NODK
nogn,NOGN
notv,NOTV
novn,NOVN
novt,NOVT
npce,NPCE
nrac,NRAC
nracu,NRACU
nrbo,NRBO
nrc,NRC
nrds,NRDS
nrim,NRIM
nrix,NRIX
nrsn,NRSN
nrxp,NRXP
nsit,NSIT
nspr,NSPR
nssc,NSSC
nstg,NSTG
nsts,NSTS
nsys,NSYS
ntap,NTAP
ntct,NTCT
ntes,NTES
ntgr,NTGR
ntic,NTIC
ntla,NTLA
ntnx,NTNX
ntra,NTRA
ntrb,NTRB
ntrs,NTRS
ntrso,NTRSO
ntwk,NTWK
nubi,NUBI
nuro,NURO
nutx,NUTX
nuva,NUVA
nuvl,NUVL
nuwe,NUWE
nuze,NUZE
nvac,NVAC
nvax,NVAX
nvcn,NVCN
nvcr,NVCR
nvct,NVCT
nvda,NVDA
nvec,NVEC
nvee,NVEE
nvei,NVEI
nvfy,NVFY
nviv,NVIV
nvmi,NVMI
nvno,NVNO
nvos,NVOS
nvts,NVTS
nvve,NVVE
nwbi,NWBI
nwe,NWE
nwfl,NWFL
nwl,NWL
nwli,NWLI
nwpx,NWPX
nws,NWS
nwsa,NWSA
nwtn,NWTN
nxgl,NXGL
nxgn,NXGN
nxl,NXL
nxpi,NXPI
nxpl,NXPL
nxst,NXST
nxt,NXT
nxtc,NXTC
nxtp,NXTP
nyax,NYAX
nymt,NYMT
nymtl,NYMTL
nymtm,NYMTM
nymtn,NYMTN
nymtz,NYMTZ
nymx,NYMX
nyxh,NYXH
oabi,OABI
ob,OB
obio,OBIO
oblg,OBLG
obnk,OBNK
obt,OBT
ocax,OCAX
ocaxu,OCAXU
occ,OCC
occi,OCCI
occin,OCCIN
occio,OCCIO
ocea,OCEA
ocfc,OCFC
ocfcp,OCFCP
ocg,OCG
ocgn,OCGN
ocs,OCS
ocsl,OCSL
ocul,OCUL
ocup,OCUP
ocx,OCX
odfl,ODFL
odp,ODP
oesx,OESX
ofed,OFED
ofix,OFIX
oflx,OFLX
ofs,OFS
ofssh,OFSSH
ogi,OGI
ohaa,OHAA
ohaau,OHAAU
oig,OIG
okta,OKTA
okyo,OKYO
olb,OLB
oled,OLED
olit,OLIT
olitu,OLITU
olk,OLK
olli,OLLI
olma,OLMA
olpx,OLPX
om,OM
omcl,OMCL
omer,OMER
omex,OMEX
omga,OMGA
omh,OMH
omic,OMIC
omqs,OMQS
on,ON
oncr,ONCR
oncs,ONCS
onct,ONCT
oncy,ONCY
onds,ONDS
onew,ONEW
onfo,ONFO
ontx,ONTX
onvo,ONVO
onyx,ONYX
opal,OPAL
opbk,OPBK
opch,OPCH
open,OPEN
opgn,OPGN
ophc,OPHC
opi,OPI
opinl,OPINL
opk,OPK
opof,OPOF
opra,OPRA
oprt,OPRT
oprx,OPRX
opt,OPT
optn,OPTN
opxs,OPXS
orgn,ORGN
orgo,ORGO
orgs,ORGS
oria,ORIA
oric,ORIC
orly,ORLY
ormp,ORMP
orrf,ORRF
ortx,ORTX
osa,OSA
osbc,OSBC
osis,OSIS
ospn,OSPN
oss,OSS
ost,OST
ostk,OSTK
osur,OSUR
osw,OSW
otec,OTEC
otex,OTEX
otlk,OTLK
otly,OTLY
otmo,OTMO
otrk,OTRK
otrkp,OTRKP
ottr,OTTR
ovbc,OVBC
ovid,OVID
ovly,OVLY
oxac,OXAC
oxacu,OXACU
oxbr,OXBR
oxlc,OXLC
oxlcl,OXLCL
oxlcm,OXLCM
oxlcn,OXLCN
oxlco,OXLCO
oxlcp,OXLCP
oxlcz,OXLCZ
oxsq,OXSQ
oxsqg,OXSQG
oxsql,OXSQL
oxsqz,OXSQZ
oxus,OXUS
oxusu,OXUSU
ozk,OZK
ozkap,OZKAP
paa,PAA
paas,PAAS
pacb,PACB
pacw,PACW
pacwp,PACWP
pahc,PAHC
pali,PALI
palt,PALT
pana,PANA
panl,PANL
panw,PANW
para,PARA
paraa,PARAA
pasg,PASG
pati,PATI
patk,PATK
pavm,PAVM
pavs,PAVS
pax,PAX
payo,PAYO
pays,PAYS
payx,PAYX
pbax,PBAX
pbbk,PBBK
pbfs,PBFS
pbhc,PBHC
pbla,PBLA
pbpb,PBPB
pbts,PBTS
pbyi,PBYI
pcar,PCAR
pcb,PCB
pcctu,PCCTU
pch,PCH
pcrx,PCRX
pcsa,PCSA
pct,PCT
pcti,PCTI
pcttu,PCTTU
pcty,PCTY
pcvx,PCVX
pcyo,PCYO
pdce,PDCE
pdco,PDCO
pdd,PDD
pdex,PDEX
pdfs,PDFS
pdlb,PDLB
pdsb,PDSB
pear,PEAR
pebk,PEBK
pebo,PEBO
pega,PEGA
pegr,PEGR
pegru,PEGRU
pegy,PEGY
penn,PENN
pep,PEP
pepg,PEPG
pepl,PEPL
peplu,PEPLU
peri,PERI
pesi,PESI
pet,PET
petq,PETQ
pets,PETS
petv,PETV
petz,PETZ
pev,PEV
pfbc,PFBC
pfc,PFC
pfg,PFG
pfie,PFIE
pfis,PFIS
pfmt,PFMT
pfsw,PFSW
pfta,PFTA
pftau,PFTAU
pfx,PFX
pfxnz,PFXNZ
pgc,PGC
pgen,PGEN
pgny,PGNY
pgrw,PGRW
pgrwu,PGRWU
pgy,PGY
phar,PHAR
phat,PHAT
phcf,PHCF
phio,PHIO
phun,PHUN
phvs,PHVS
pi,PI
piii,PIII
pik,PIK
pinc,PINC
pirs,PIRS
pixy,PIXY
pkbk,PKBK
pkoh,PKOH
plab,PLAB
plao,PLAO
play,PLAY
plbc,PLBC
plby,PLBY
pll,PLL
plmi,PLMI
plmiu,PLMIU
plmr,PLMR
plpc,PLPC
plrx,PLRX
plse,PLSE
pltk,PLTK
pltn,PLTN
pltnu,PLTNU
plug,PLUG
plur,PLUR
plus,PLUS
plxp,PLXP
plxs,PLXS
plya,PLYA
pmcb,PMCB
pmd,PMD
pmgm,PMGM
pmn,PMN
pmts,PMTS
pmvp,PMVP
pnac,PNAC
pnacu,PNACU
pnbk,PNBK
pnfp,PNFP
pnfpp,PNFPP
pnrg,PNRG
pnt,PNT
pntg,PNTG
poai,POAI
poci,POCI
podd,PODD
poet,POET
pola,POLA
pool,POOL
powi,POWI
powl,POWL
poww,POWW
powwp,POWWP
ppbi,PPBI
ppbt,PPBT
ppih,PPIH
ppsi,PPSI
ppta,PPTA
praa,PRAA
prax,PRAX
prch,PRCH
prct,PRCT
prdo,PRDO
prds,PRDS
pre,PRE
prft,PRFT
prfx,PRFX
prgs,PRGS
prim,PRIM
prld,PRLD
prlh,PRLH
prlhu,PRLHU
prme,PRME
proc,PROC
prof,PROF
prok,PROK
prov,PROV
prph,PRPH
prpl,PRPL
prpo,PRPO
prqr,PRQR
prso,PRSO
prsr,PRSR
prsru,PRSRU
prst,PRST
prta,PRTA
prtc,PRTC
prtg,PRTG
prth,PRTH
prtk,PRTK
prts,PRTS
prva,PRVA
prvb,PRVB
psec,PSEC
pshg,PSHG
psmt,PSMT
psnl,PSNL
psny,PSNY
pstv,PSTV
pstx,PSTX
pt,PT
ptc,PTC
ptct,PTCT
pte,PTE
pten,PTEN
ptgx,PTGX
pthru,PTHRU
ptix,PTIX
ptlo,PTLO
ptmn,PTMN
pton,PTON
ptpi,PTPI
ptra,PTRA
ptrs,PTRS
ptve,PTVE
ptwo,PTWO
ptwou,PTWOU
pubm,PUBM
puck,PUCK
pulm,PULM
puyi,PUYI
pvbc,PVBC
pwfl,PWFL
pwod,PWOD
pwp,PWP
pwup,PWUP
pwupu,PWUPU
pxlw,PXLW
pxmd,PXMD
pxs,PXS
pxsap,PXSAP
pycr,PYCR
pypd,PYPD
pypl,PYPL
pyr,PYR
pyxs,PYXS
pzza,PZZA
qcom,QCOM
qcrh,QCRH
qdel,QDEL
qdro,QDRO
qdrou,QDROU
qfin,QFIN
qh,QH
qipt,QIPT
qlgn,QLGN
qli,QLI
qlys,QLYS
qmco,QMCO
qncx,QNCX
qnrx,QNRX
qnst,QNST
qomo,QOMO
qqqx,QQQX
qrhc,QRHC
qrtea,QRTEA
qrteb,QRTEB
qrtep,QRTEP
qrvo,QRVO
qsg,QSG
qsi,QSI
qtek,QTEK
qtrx,QTRX
qtt,QTT
qubt,QUBT
quik,QUIK
qure,QURE
radi,RADI
rail,RAIL
rain,RAIN
ram,RAM
rammu,RAMMU
rand,RAND
rani,RANI
rapt,RAPT
rare,RARE
rave,RAVE
raya,RAYA
rbb,RBB
rbbn,RBBN
rbcaa,RBCAA
rbkb,RBKB
rcac,RCAC
rcat,RCAT
rcel,RCEL
rckt,RCKT
rcky,RCKY
rclfu,RCLFU
rcm,RCM
rcmt,RCMT
rcon,RCON
rcrt,RCRT
rdcm,RDCM
rdfn,RDFN
rdhl,RDHL
rdi,RDI
rdib,RDIB
rdnt,RDNT
rdvt,RDVT
rdwr,RDWR
reax,REAX
rebn,REBN
ree,REE
refi,REFI
refr,REFR
reg,REG
regn,REGN
rekr,REKR
reli,RELI
rell,RELL
rely,RELY
rene,RENE
rent,RENT
repl,REPL
reta,RETA
reto,RETO
reun,REUN
revb,REVB
reve,REVE
reveu,REVEU
reyn,REYN
rfac,RFAC
rfacu,RFACU
rfil,RFIL
rgc,RGC
rgco,RGCO
rgen,RGEN
rgf,RGF
rgld,RGLD
rgls,RGLS
rgnx,RGNX
rgp,RGP
rgti,RGTI
ribt,RIBT
rick,RICK
ride,RIDE
rigl,RIGL
rily,RILY
rilyg,RILYG
rilyk,RILYK
rilyl,RILYL
rilym,RILYM
rilyn,RILYN
rilyo,RILYO
rilyp,RILYP
rilyt,RILYT
rilyz,RILYZ
riot,RIOT
rivn,RIVN
rkda,RKDA
rklb,RKLB
rlay,RLAY
rlmd,RLMD
rlyb,RLYB
rmbi,RMBI
rmbl,RMBL
rmbs,RMBS
rmcf,RMCF
rmni,RMNI
rmr,RMR
rmti,RMTI
rna,RNA
rnaz,RNAZ
rnlx,RNLX
rnst,RNST
rnw,RNW
rnxt,RNXT
road,ROAD
roc,ROC
rocc,ROCC
rocg,ROCG
rock,ROCK
rocl,ROCL
roic,ROIC
roiv,ROIV
roku,ROKU
root,ROOT
rose,ROSE
roseu,ROSEU
rost,ROST
rovr,ROVR
rpay,RPAY
rpd,RPD
rphm,RPHM
rpid,RPID
rprx,RPRX
rptx,RPTX
rrbi,RRBI
rrgb,RRGB
rrr,RRR
rsls,RSLS
rsss,RSSS
rsvr,RSVR
rtc,RTC
rtl,RTL
rtlpo,RTLPO
rtlpp,RTLPP
rum,RUM
run,RUN
rusha,RUSHA
rushb,RUSHB
ruth,RUTH
rvlp,RVLP
rvmd,RVMD
rvnc,RVNC
rvph,RVPH
rvsb,RVSB
rvsn,RVSN
rvyl,RVYL
rway,RWAY
rwayl,RWAYL
rwayz,RWAYZ
rwlk,RWLK
rwod,RWOD
rwodu,RWODU
rxdx,RXDX
rxrx,RXRX
rxst,RXST
rxt,RXT
ryaay,RYAAY
rytm,RYTM
rzlt,RZLT
sabr,SABR
sabs,SABS
saft,SAFT
saga,SAGA
sage,SAGE
saia,SAIA
sal,SAL
salm,SALM
samau,SAMAU
samg,SAMG
sana,SANA
sang,SANG
sanm,SANM
sanw,SANW
sasi,SASI
satl,SATL
sats,SATS
sava,SAVA
sbac,SBAC
sbcf,SBCF
sbet,SBET
sbfg,SBFG
sbfm,SBFM
sbgi,SBGI
sbig,SBIG
sblk,SBLK
sbra,SBRA
sbsi,SBSI
sbt,SBT
sbux,SBUX
scaq,SCAQ
schl,SCHL
schn,SCHN
sckt,SCKT
sclx,SCLX
scor,SCOR
scph,SCPH
scpl,SCPL
scrm,SCRM
scrmu,SCRMU
scsc,SCSC
sctl,SCTL
scvl,SCVL
scwo,SCWO
scwx,SCWX
scyx,SCYX
sdac,SDAC
sdacu,SDACU
sdc,SDC
sdgr,SDGR
sdig,SDIG
seac,SEAC
seat,SEAT
seco,SECO
sedg,SEDG
seed,SEED
seel,SEEL
seer,SEER
seic,SEIC
selb,SELB
self,SELF
senea,SENEA
seneb,SENEB
sepa,SEPA
sepau,SEPAU
sera,SERA
sev,SEV
sevn,SEVN
sfbc,SFBC
sfe,SFE
sfix,SFIX
sfm,SFM
sfnc,SFNC
sfr,SFR
sfst,SFST
sft,SFT
sga,SGA
sgbx,SGBX
sgen,SGEN
sgh,SGH
sghl,SGHL
sght,SGHT
sgii,SGII
sgly,SGLY
sgma,SGMA
sgmo,SGMO
sgrp,SGRP
sgry,SGRY
sgtx,SGTX
shbi,SHBI
shc,SHC
shcr,SHCR
shen,SHEN
shfs,SHFS
ship,SHIP
shls,SHLS
shph,SHPH
shua,SHUA
shuau,SHUAU
sibn,SIBN
sidu,SIDU
sieb,SIEB
sien,SIEN
sify,SIFY
siga,SIGA
sigi,SIGI
sigip,SIGIP
silc,SILC
silk,SILK
silo,SILO
simo,SIMO
sint,SINT
siri,SIRI
sisi,SISI
sitm,SITM
sj,SJ
skgr,SKGR
skin,SKIN
skwd,SKWD
skya,SKYA
skyau,SKYAU
skyt,SKYT
skyw,SKYW
skyx,SKYX
slab,SLAB
slac,SLAC
slacu,SLACU
slam,SLAM
slamu,SLAMU
sldb,SLDB
sldp,SLDP
slgc,SLGC
slgg,SLGG
slgl,SLGL
slm,SLM
slmbp,SLMBP
sln,SLN
slna,SLNA
slng,SLNG
slnh,SLNH
slnhp,SLNHP
slno,SLNO
slp,SLP
slrc,SLRC
slrx,SLRX
sls,SLS
slvr,SLVR
slvru,SLVRU
smap,SMAP
smbc,SMBC
smbk,SMBK
smci,SMCI
smfl,SMFL
smid,SMID
smlr,SMLR
smmf,SMMF
smmt,SMMT
smpl,SMPL
smsi,SMSI
smtc,SMTC
smti,SMTI
smx,SMX
snal,SNAL
snax,SNAX
snbr,SNBR
snce,SNCE
sncr,SNCR
sncrl,SNCRL
sncy,SNCY
snd,SND
sndl,SNDL
sndx,SNDX
snes,SNES
snex,SNEX
snfca,SNFCA
sngx,SNGX
snoa,SNOA
snpo,SNPO
snps,SNPS
snpx,SNPX
snse,SNSE
snt,SNT
sntg,SNTG
snti,SNTI
sny,SNY
sobr,SOBR
sofi,SOFI
sofo,SOFO
soho,SOHO
sohob,SOHOB
sohon,SOHON
sohoo,SOHOO
sohu,SOHU
sond,SOND
sonm,SONM
sonn,SONN
sono,SONO
sopa,SOPA
soph,SOPH
sotk,SOTK
soun,SOUN
sovo,SOVO
sp,SP
spcb,SPCB
spcm,SPCM
spcmu,SPCMU
spfi,SPFI
spi,SPI
spkb,SPKB
spkbu,SPKBU
splk,SPLK
spok,SPOK
sppi,SPPI
sprb,SPRB
sprc,SPRC
spro,SPRO
spry,SPRY
spsc,SPSC
spt,SPT
sptn,SPTN
spwr,SPWR
sqft,SQFT
sqftp,SQFTP
sql,SQL
srad,SRAD
srce,SRCE
srcl,SRCL
srdx,SRDX
srga,SRGA
srpt,SRPT
srrk,SRRK
srts,SRTS
srzn,SRZN
ssb,SSB
ssbi,SSBI
ssbk,SSBK
ssic,SSIC
sskn,SSKN
ssnc,SSNC
ssnt,SSNT
ssrm,SSRM
ssss,SSSS
ssssl,SSSSL
ssti,SSTI
ssys,SSYS
staa,STAA
staf,STAF
stbx,STBX
stcn,STCN
stel,STEL
step,STEP
ster,STER
stgw,STGW
stim,STIM
stix,STIX
stkh,STKH
stkl,STKL
stks,STKS
stld,STLD
stne,STNE
stok,STOK
stra,STRA
strc,STRC
strl,STRL
strm,STRM
stro,STRO
strr,STRR
strrp,STRRP
strs,STRS
strt,STRT
stsa,STSA
stss,STSS
sttk,STTK
stx,STX
sumo,SUMO
sunw,SUNW
supn,SUPN
surf,SURF
surg,SURG
svc,SVC
svfd,SVFD
sviiu,SVIIU
svna,SVNA
svra,SVRA
svre,SVRE
svvc,SVVC
swag,SWAG
swav,SWAV
swbi,SWBI
swim,SWIM
swkh,SWKH
swks,SWKS
swss,SWSS
swssu,SWSSU
swtx,SWTX
swvl,SWVL
sxtc,SXTC
sy,SY
sybt,SYBT
sybx,SYBX
sym,SYM
syna,SYNA
synh,SYNH
sypr,SYPR
syrs,SYRS
syta,SYTA
szzl,SZZL
ta,TA
tact,TACT
tait,TAIT
talk,TALK
tals,TALS
tanh,TANH
tanni,TANNI
tannl,TANNL
tannz,TANNZ
taop,TAOP
tara,TARA
tars,TARS
task,TASK
tast,TAST
tatt,TATT
tayd,TAYD
tbbk,TBBK
tbcp,TBCP
tbcpu,TBCPU
tbio,TBIO
tbla,TBLA
tbld,TBLD
tblt,TBLT
tbnk,TBNK
tbph,TBPH
tc,TC
tcbc,TCBC
tcbi,TCBI
tcbio,TCBIO
tcbk,TCBK
tcbp,TCBP
tcbs,TCBS
tcbx,TCBX
tcfc,TCFC
tcmd,TCMD
tcom,TCOM
tcon,TCON
tcpc,TCPC
tcrr,TCRR
tcrt,TCRT
tcrx,TCRX
tcva,TCVA
tcx,TCX
tdup,TDUP
team,TEAM
tech,TECH
tectp,TECTP
tedu,TEDU
tela,TELA
tenb,TENB
tenk,TENK
tenku,TENKU
tenx,TENX
ter,TER
tern,TERN
tess,TESS
tetc,TETC
tetcu,TETCU
tete,TETE
tffp,TFFP
tfin,TFIN
tfinp,TFINP
tfsl,TFSL
tgaa,TGAA
tgan,TGAN
tgl,TGL
tgtx,TGTX
tgvc,TGVC
th,TH
thch,THCH
thcp,THCP
thcpu,THCPU
thff,THFF
thmo,THMO
thrd,THRD
thrm,THRM
thrn,THRN
thrx,THRX
thry,THRY
thtx,THTX
tig,TIG
tigo,TIGO
tigr,TIGR
til,TIL
tile,TILE
tio,TIO
tioa,TIOA
tipt,TIPT
tirx,TIRX
titn,TITN
tivc,TIVC
tkno,TKNO
tlf,TLF
tlgy,TLGY
tlis,TLIS
tlry,TLRY
tls,TLS
tlsa,TLSA
tmci,TMCI
tmdx,TMDX
tmkr,TMKR
tmkru,TMKRU
tmus,TMUS
tndm,TNDM
tngx,TNGX
tnon,TNON
tnxp,TNXP
tnya,TNYA
toac,TOAC
toi,TOI
tomz,TOMZ
top,TOP
tops,TOPS
toro,TORO
tour,TOUR
town,TOWN
tpg,TPG
tpic,TPIC
tpst,TPST
trda,TRDA
tree,TREE
trhc,TRHC
trib,TRIB
trin,TRIN
trinl,TRINL
trip,TRIP
trka,TRKA
trmb,TRMB
trmd,TRMD
trmk,TRMK
trmr,TRMR
trns,TRNS
tronu,TRONU
troo,TROO
trs,TRS
trup,TRUP
trvg,TRVG
trvi,TRVI
trvn,TRVN
tsat,TSAT
tsbk,TSBK
tsco,TSCO
tsem,TSEM
tsha,TSHA
tsla,TSLA
tsp,TSP
tsri,TSRI
tsvt,TSVT
ttcf,TTCF
ttec,TTEC
ttek,TTEK
ttgt,TTGT
ttmi,TTMI
ttnp,TTNP
ttoo,TTOO
ttsh,TTSH
ttwo,TTWO
turn,TURN
tusk,TUSK
tvtx,TVTX
tw,TW
twcb,TWCB
twcbu,TWCBU
twin,TWIN
twks,TWKS
twlvu,TWLVU
twnk,TWNK
twou,TWOU
twst,TWST
txg,TXG
txmd,TXMD
txn,TXN
txrh,TXRH
tyde,TYDE
tyra,TYRA
tzoo,TZOO
ual,UAL
ubcp,UBCP
ubfo,UBFO
ubsi,UBSI
ubx,UBX
ucbi,UCBI
ucbio,UCBIO
ucl,UCL
uctt,UCTT
udmy,UDMY
ueic,UEIC
ufcs,UFCS
ufpi,UFPI
ufpt,UFPT
ug,UG
ugro,UGRO
uihc,UIHC
uk,UK
ulbi,ULBI
ulcc,ULCC
ulh,ULH
ulta,ULTA
umbf,UMBF
unam,UNAM
unb,UNB
uncy,UNCY
unit,UNIT
unty,UNTY
uone,UONE
uonek,UONEK
upbd,UPBD
upld,UPLD
upst,UPST
uptd,UPTD
upwk,UPWK
upxi,UPXI
urbn,URBN
urgn,URGN
uroy,UROY
usap,USAP
usct,USCT
usea,USEA
usio,USIO
uslm,USLM
utaa,UTAA
utaau,UTAAU
uthr,UTHR
utmd,UTMD
utme,UTME
utrs,UTRS
utsi,UTSI
uvsp,UVSP
uxin,UXIN
vabk,VABK
vacc,VACC
valn,VALN
valu,VALU
vani,VANI
vaqc,VAQC
vaxx,VAXX
vbfc,VBFC
vbiv,VBIV
vblt,VBLT
vbnk,VBNK
vboc,VBOC
vbocu,VBOCU
vbtx,VBTX
vc,VC
vcel,VCEL
vcnx,VCNX
vcsa,VCSA
vctr,VCTR
vcxa,VCXA
vcxau,VCXAU
vcyt,VCYT
veco,VECO
vect,VECT
vedu,VEDU
veee,VEEE
veon,VEON
vera,VERA
verb,VERB
veri,VERI
vero,VERO
veru,VERU
verv,VERV
verx,VERX
very,VERY
vev,VEV
vff,VFF
vgas,VGAS
vhna,VHNA
via,VIA
viasp,VIASP
viav,VIAV
vicr,VICR
view,VIEW
vigl,VIGL
vinc,VINC
vinp,VINP
viot,VIOT
vir,VIR
virc,VIRC
viri,VIRI
virt,VIRT
virx,VIRX
visl,VISL
vitl,VITL
vivk,VIVK
vjet,VJET
vktx,VKTX
vlat,VLAT
vlatu,VLATU
vlcn,VLCN
vlgea,VLGEA
vlon,VLON
vlypo,VLYPO
vlypp,VLYPP
vmar,VMAR
vmd,VMD
vmeo,VMEO
vmga,VMGA
vnda,VNDA
vnet,VNET
vnom,VNOM
vor,VOR
vorb,VORB
voxr,VOXR
voxx,VOXX
vqs,VQS
vra,VRA
vrar,VRAR
vrax,VRAX
vray,VRAY
vrca,VRCA
vrdn,VRDN
vrex,VREX
vrm,VRM
vrme,VRME
vrna,VRNA
vrns,VRNS
vrnt,VRNT
vrpx,VRPX
vrrm,VRRM
vrsk,VRSK
vrsn,VRSN
vrts,VRTS
vrtx,VRTX
vs,VS
vsac,VSAC
vsacu,VSACU
vsat,VSAT
vsec,VSEC
vsta,VSTA
vstm,VSTM
vtgn,VTGN
vtnr,VTNR
vtrs,VTRS
vtru,VTRU
vtsi,VTSI
vtvt,VTVT
vtyx,VTYX
vuzi,VUZI
vvos,VVOS
vvpr,VVPR
vwe,VWE
vxrt,VXRT
vyne,VYNE
vynt,VYNT
wafd,WAFD
wafdp,WAFDP
wafu,WAFU
wald,WALD
wash,WASH
watt,WATT
wavd,WAVD
wave,WAVE
wavsu,WAVSU
wb,WB
wba,WBA
wday,WDAY
wdc,WDC
wdfc,WDFC
wejo,WEJO
wern,WERN
west,WEST
wetg,WETG
weys,WEYS
wfcf,WFCF
wfrd,WFRD
wgs,WGS
whf,WHF
whlm,WHLM
wimi,WIMI
wina,WINA
wing,WING
wint,WINT
winv,WINV
wire,WIRE
wisa,WISA
wish,WISH
wix,WIX
wkey,WKEY
wkhs,WKHS
wkme,WKME
wksp,WKSP
wldn,WLDN
wlds,WLDS
wlfc,WLFC
wmg,WMG
wneb,WNEB
wnw,WNW
woof,WOOF
worx,WORX
wprt,WPRT
wrap,WRAP
wrld,WRLD
wsbc,WSBC
wsbcp,WSBCP
wsbf,WSBF
wsc,WSC
wsfs,WSFS
wtba,WTBA
wter,WTER
wtfc,WTFC
wtma,WTMA
wulf,WULF
wve,WVE
wvvi,WVVI
wvvip,WVVIP
ww,WW
wwac,WWAC
wwd,WWD
wynn,WYNN
xair,XAIR
xbio,XBIO
xbit,XBIT
xcur,XCUR
xel,XEL
xela,XELA
xelap,XELAP
xelb,XELB
xene,XENE
xers,XERS
xfin,XFIN
xfinu,XFINU
xfor,XFOR
xgn,XGN
xlo,XLO
xm,XM
xmtr,XMTR
xncr,XNCR
xnet,XNET
xomao,XOMAO
xomap,XOMAP
xos,XOS
xp,XP
xpdb,XPDB
xpdbu,XPDBU
xpel,XPEL
xpon,XPON
xray,XRAY
xrtx,XRTX
xrx,XRX
xtlb,XTLB
xwel,XWEL
xxii,XXII
yell,YELL
ygmz,YGMZ
yj,YJ
ymab,YMAB
yorw,YORW
yosh,YOSH
yota,YOTA
yq,YQ
ys,YS
yten,YTEN
ytra,YTRA
yvr,YVR
yy,YY
z,Z
zbra,ZBRA
zcmd,ZCMD
zd,ZD
zenv,ZENV
zeus,ZEUS
zfox,ZFOX
zg,ZG
zi,ZI
zimv,ZIMV
zing,ZING
zivo,ZIVO
zkin,ZKIN
zlab,ZLAB
zm,ZM
zntl,ZNTL
zs,ZS
zt,ZT
ztaqu,ZTAQU
ztek,ZTEK
zumz,ZUMZ
zvra,ZVRA
zvsa,ZVSA
zyme,ZYME
zyne,ZYNE
zyxi,ZYXI
