assetRoute,assetTicker
a,A
aa,AA
aac,AAC
aacg,AACG
aadi,AADI
aaic,AAIC
aain,AAIN
aal,AAL
aamc,AAMC
aame,AAME
aan,AAN
aaoi,AAOI
aaon,AAON
aap,AAP
aapl,AAPL
aat,AAT
aau,AAU
abbv,ABBV
abc,ABC
abcb,ABCB
abcl,ABCL
abcm,ABCM
abeo,ABEO
abev,ABEV
abg,ABG
abio,ABIO
abm,ABM
abnb,ABNB
abos,ABOS
abr,ABR
absi,ABSI
abst,ABST
abt,ABT
abus,ABUS
abvc,ABVC
ac,AC
aca,ACA
acabu,ACABU
acac,ACAC
acacu,ACACU
acad,ACAD
acah,ACAH
acahu,ACAHU
acaq,ACAQ
acax,ACAX
acb,ACB
acba,ACBA
acbau,ACBAU
accd,ACCD
acco,ACCO
acdc,ACDC
acel,ACEL
acer,ACER
acet,ACET
acgl,ACGL
acgln,ACGLN
acglo,ACGLO
acgn,ACGN
achc,ACHC
achl,ACHL
achr,ACHR
achv,ACHV
aciu,ACIU
aciw,ACIW
acls,ACLS
aclx,ACLX
acm,ACM
acmr,ACMR
acnb,ACNB
acnt,ACNT
acon,ACON
acor,ACOR
acr,ACR
acre,ACRE
acro,ACRO
acrs,ACRS
acrv,ACRV
acrx,ACRX
acst,ACST
actg,ACTG
acu,ACU
acv,ACV
acva,ACVA
acxp,ACXP
adag,ADAG
adal,ADAL
adap,ADAP
adbe,ADBE
adc,ADC
adct,ADCT
add,ADD
adea,ADEA
ader,ADER
aderu,ADERU
ades,ADES
adi,ADI
adil,ADIL
adm,ADM
adma,ADMA
admp,ADMP
adn,ADN
adnt,ADNT
adoc,ADOC
adp,ADP
adpt,ADPT
adrt,ADRT
adse,ADSE
adsk,ADSK
adt,ADT
adth,ADTH
adtn,ADTN
adtx,ADTX
adus,ADUS
adv,ADV
advm,ADVM
adxn,ADXN
ae,AE
aeae,AEAE
aeaeu,AEAEU
aef,AEF
aefc,AEFC
aeg,AEG
aehl,AEHL
aehr,AEHR
aei,AEI
aeis,AEIS
ael,AEL
aem,AEM
aemd,AEMD
aenz,AENZ
aeo,AEO
aep,AEP
aeppz,AEPPZ
aer,AER
aes,AES
aesc,AESC
aesi,AESI
aeva,AEVA
aey,AEY
aeye,AEYE
aezs,AEZS
afar,AFAR
afaru,AFARU
afb,AFB
afbi,AFBI
afcg,AFCG
afg,AFG
afgb,AFGB
afgc,AFGC
afgd,AFGD
afge,AFGE
afib,AFIB
afl,AFL
afmd,AFMD
afri,AFRI
afrm,AFRM
aft,AFT
aftr,AFTR
afya,AFYA
ag,AG
agac,AGAC
agae,AGAE
agba,AGBA
agco,AGCO
agd,AGD
age,AGE
agen,AGEN
agfs,AGFS
agfy,AGFY
agi,AGI
agil,AGIL
agio,AGIO
agl,AGL
agmh,AGMH
agnc,AGNC
agncl,AGNCL
agncm,AGNCM
agncn,AGNCN
agnco,AGNCO
agncp,AGNCP
ago,AGO
agr,AGR
agri,AGRI
agro,AGRO
agrx,AGRX
ags,AGS
agti,AGTI
agx,AGX
agys,AGYS
ahco,AHCO
ahg,AHG
ahh,AHH
ahi,AHI
ahrn,AHRN
ahrnu,AHRNU
aht,AHT
aib,AIB
aic,AIC
aif,AIF
aig,AIG
aih,AIH
aihs,AIHS
aim,AIM
aimau,AIMAU
aimbu,AIMBU
aimc,AIMC
aimd,AIMD
ain,AIN
ainc,AINC
aio,AIO
aip,AIP
airc,AIRC
airg,AIRG
airi,AIRI
airs,AIRS
airt,AIRT
airtp,AIRTP
ait,AIT
aiu,AIU
aiv,AIV
aixi,AIXI
aiz,AIZ
aizn,AIZN
ajg,AJG
ajrd,AJRD
ajx,AJX
ajxa,AJXA
akam,AKAM
akan,AKAN
akba,AKBA
akli,AKLI
akr,AKR
akro,AKRO
akts,AKTS
aku,AKU
akya,AKYA
al,AL
alar,ALAR
alb,ALB
albt,ALBT
alc,ALC
alcc,ALCC
alco,ALCO
aldx,ALDX
ale,ALE
alec,ALEC
alg,ALG
algm,ALGM
algn,ALGN
algs,ALGS
algt,ALGT
alhc,ALHC
alim,ALIM
alit,ALIT
alk,ALK
alks,ALKS
alkt,ALKT
allg,ALLG
allk,ALLK
allo,ALLO
allr,ALLR
allt,ALLT
ally,ALLY
alny,ALNY
alot,ALOT
alpau,ALPAU
alpn,ALPN
alpp,ALPP
alps,ALPS
alrm,ALRM
alrn,ALRN
alrs,ALRS
alsa,ALSA
alt,ALT
altg,ALTG
alti,ALTI
alto,ALTO
altr,ALTR
altu,ALTU
altuu,ALTUU
alv,ALV
alvo,ALVO
alvr,ALVR
alx,ALX
alxo,ALXO
alya,ALYA
alzn,ALZN
am,AM
amal,AMAL
amam,AMAM
amao,AMAO
amaou,AMAOU
amat,AMAT
amba,AMBA
ambc,AMBC
ambi,AMBI
ambo,AMBO
ambp,AMBP
amcr,AMCR
amcx,AMCX
amd,AMD
ame,AME
amed,AMED
ameh,AMEH
amg,AMG
amgn,AMGN
amh,AMH
amk,AMK
amkr,AMKR
amli,AMLI
amlx,AMLX
amn,AMN
amnb,AMNB
amot,AMOT
amp,AMP
ampe,AMPE
ampg,AMPG
amph,AMPH
ampl,AMPL
amps,AMPS
ampx,AMPX
ampy,AMPY
amr,AMR
amrc,AMRC
amrk,AMRK
amrn,AMRN
amrs,AMRS
amrx,AMRX
ams,AMS
amsc,AMSC
amsf,AMSF
amst,AMST
amswa,AMSWA
amt,AMT
amtb,AMTB
amtd,AMTD
amti,AMTI
amtx,AMTX
amv,AMV
amwd,AMWD
amwl,AMWL
amyt,AMYT
amzn,AMZN
an,AN
anab,ANAB
aneb,ANEB
anet,ANET
anf,ANF
angh,ANGH
angi,ANGI
angn,ANGN
ango,ANGO
anik,ANIK
anip,ANIP
anix,ANIX
annx,ANNX
anpc,ANPC
anss,ANSS
ante,ANTE
antx,ANTX
anvs,ANVS
any,ANY
anzu,ANZU
aod,AOD
aogo,AOGO
aomr,AOMR
aon,AON
aort,AORT
aosl,AOSL
aout,AOUT
ap,AP
apa,APA
apac,APAC
apacu,APACU
apam,APAM
apca,APCA
apcx,APCX
apd,APD
apdn,APDN
ape,APE
apei,APEI
apen,APEN
apg,APG
apgb,APGB
apgn,APGN
aph,APH
apld,APLD
aple,APLE
apls,APLS
aplt,APLT
apm,APM
apmi,APMI
apmiu,APMIU
apo,APO
apog,APOG
app,APP
appf,APPF
apph,APPH
appn,APPN
apps,APPS
apre,APRE
aprn,APRN
apt,APT
aptm,APTM
aptmu,APTMU
apto,APTO
aptv,APTV
aptx,APTX
apvo,APVO
apwc,APWC
apxiu,APXIU
apyx,APYX
aqb,AQB
aqms,AQMS
aqn,AQN
aqna,AQNA
aqnb,AQNB
aqnu,AQNU
aqst,AQST
aqu,AQU
aqua,AQUA
aqunu,AQUNU
ar,AR
arav,ARAV
aray,ARAY
arbe,ARBE
arbg,ARBG
arbk,ARBK
arbkl,ARBKL
arc,ARC
arcb,ARCB
arcc,ARCC
arce,ARCE
arch,ARCH
arco,ARCO
arct,ARCT
ardc,ARDC
ards,ARDS
ardx,ARDX
are,ARE
areb,AREB
arec,AREC
aren,AREN
ares,ARES
argd,ARGD
argo,ARGO
argx,ARGX
arhs,ARHS
ari,ARI
aris,ARIS
ariz,ARIZ
arko,ARKO
arkr,ARKR
arl,ARL
arlo,ARLO
arlp,ARLP
armk,ARMK
armp,ARMP
arnc,ARNC
aroc,AROC
arow,AROW
arqq,ARQQ
arqt,ARQT
arr,ARR
arrw,ARRW
arry,ARRY
arte,ARTE
arteu,ARTEU
artl,ARTL
artna,ARTNA
arvl,ARVL
arvn,ARVN
arw,ARW
arwr,ARWR
aryd,ARYD
arye,ARYE
asa,ASA
asai,ASAI
asan,ASAN
asc,ASC
asca,ASCA
ascb,ASCB
asg,ASG
asgi,ASGI
asgn,ASGN
ash,ASH
asix,ASIX
asle,ASLE
asln,ASLN
asmb,ASMB
asnd,ASND
asns,ASNS
aso,ASO
aspi,ASPI
aspn,ASPN
asps,ASPS
aspu,ASPU
asrt,ASRT
asrv,ASRV
asst,ASST
astc,ASTC
aste,ASTE
asti,ASTI
astl,ASTL
astr,ASTR
asts,ASTS
asur,ASUR
asx,ASX
asxc,ASXC
asys,ASYS
atai,ATAI
atak,ATAK
ataku,ATAKU
atat,ATAT
atco,ATCO
atcol,ATCOL
atcx,ATCX
atec,ATEC
aten,ATEN
ater,ATER
atex,ATEX
atge,ATGE
atha,ATHA
athe,ATHE
athm,ATHM
athx,ATHX
ati,ATI
atif,ATIF
atip,ATIP
atkr,ATKR
atlo,ATLO
atlx,ATLX
atmc,ATMC
atmv,ATMV
atmvu,ATMVU
atnf,ATNF
atni,ATNI
atnm,ATNM
atnx,ATNX
ato,ATO
atom,ATOM
atos,ATOS
atr,ATR
atra,ATRA
atrc,ATRC
atri,ATRI
atro,ATRO
atsg,ATSG
atto,ATTO
atus,ATUS
atvi,ATVI
atxg,ATXG
atxi,ATXI
atxs,ATXS
aty,ATY
au,AU
aub,AUB
aubn,AUBN
aud,AUD
audc,AUDC
augx,AUGX
auid,AUID
ault,AULT
aumn,AUMN
auph,AUPH
aur,AUR
aura,AURA
aurc,AURC
aurcu,AURCU
aust,AUST
autl,AUTL
auud,AUUD
auvi,AUVI
auvip,AUVIP
auy,AUY
ava,AVA
avac,AVAC
avah,AVAH
aval,AVAL
avav,AVAV
avb,AVB
avd,AVD
avdl,AVDL
avdx,AVDX
avgo,AVGO
avgr,AVGR
avid,AVID
avir,AVIR
avk,AVK
avns,AVNS
avnt,AVNT
avnw,AVNW
avo,AVO
avpt,AVPT
avro,AVRO
avt,AVT
avta,AVTA
avte,AVTE
avtr,AVTR
avtx,AVTX
avxl,AVXL
avy,AVY
awf,AWF
awh,AWH
awi,AWI
awin,AWIN
awk,AWK
awp,AWP
awr,AWR
awre,AWRE
awx,AWX
ax,AX
axac,AXAC
axdx,AXDX
axgn,AXGN
axl,AXL
axla,AXLA
axnx,AXNX
axon,AXON
axp,AXP
axr,AXR
axs,AXS
axsm,AXSM
axta,AXTA
axti,AXTI
ay,AY
ayi,AYI
ayro,AYRO
aytu,AYTU
ayx,AYX
az,AZ
azek,AZEK
azo,AZO
azpn,AZPN
azre,AZRE
azta,AZTA
azul,AZUL
azyo,AZYO
azz,AZZ
b,B
baba,BABA
back,BACK
baer,BAER
bafn,BAFN
bah,BAH
bak,BAK
ball,BALL
baly,BALY
bam,BAM
banc,BANC
band,BAND
banf,BANF
banfp,BANFP
banr,BANR
banx,BANX
baos,BAOS
bap,BAP
bark,BARK
base,BASE
batl,BATL
bax,BAX
bbai,BBAI
bbar,BBAR
bbby,BBBY
bbcp,BBCP
bbd,BBD
bbdc,BBDC
bbdo,BBDO
bbgi,BBGI
bbig,BBIG
bbio,BBIO
bblg,BBLG
bbln,BBLN
bbn,BBN
bbsi,BBSI
bbu,BBU
bbuc,BBUC
bbva,BBVA
bbw,BBW
bbwi,BBWI
bc,BC
bcab,BCAB
bcan,BCAN
bcat,BCAT
bcbp,BCBP
bcc,BCC
bcda,BCDA
bcel,BCEL
bcli,BCLI
bcml,BCML
bcov,BCOV
bcow,BCOW
bcpc,BCPC
bcrx,BCRX
bcsau,BCSAU
bcsf,BCSF
bctx,BCTX
bcv,BCV
bcx,BCX
bcyc,BCYC
bdc,BDC
bdj,BDJ
bdl,BDL
bdn,BDN
bdsx,BDSX
bdtx,BDTX
be,BE
beam,BEAM
beat,BEAT
becn,BECN
bedu,BEDU
beem,BEEM
beke,BEKE
belfa,BELFA
belfb,BELFB
bep,BEP
bepc,BEPC
beph,BEPH
bepi,BEPI
bery,BERY
best,BEST
bfac,BFAC
bfam,BFAM
bfc,BFC
bfh,BFH
bfi,BFI
bfin,BFIN
bfk,BFK
bfly,BFLY
bfrg,BFRG
bfri,BFRI
bfs,BFS
bfst,BFST
bfz,BFZ
bg,BG
bgb,BGB
bgcp,BGCP
bgfv,BGFV
bgh,BGH
bgi,BGI
bgne,BGNE
bgr,BGR
bgry,BGRY
bgs,BGS
bgsf,BGSF
bgt,BGT
bgx,BGX
bgxx,BGXX
bgy,BGY
bh,BH
bhac,BHAC
bhat,BHAT
bhb,BHB
bhc,BHC
bhe,BHE
bhf,BHF
bhfal,BHFAL
bhfam,BHFAM
bhfan,BHFAN
bhfao,BHFAO
bhfap,BHFAP
bhg,BHG
bhil,BHIL
bhk,BHK
bhlb,BHLB
bhm,BHM
bhp,BHP
bhr,BHR
bhv,BHV
bhvn,BHVN
biaf,BIAF
bidu,BIDU
big,BIG
bigc,BIGC
bigz,BIGZ
biib,BIIB
bili,BILI
bill,BILL
bimi,BIMI
bioc,BIOC
biol,BIOL
bior,BIOR
bios,BIOS
biox,BIOX
bip,BIP
bipc,BIPC
biph,BIPH
bipi,BIPI
bird,BIRD
bit,BIT
bite,BITE
bitf,BITF
bivi,BIVI
bj,BJ
bjdx,BJDX
bjri,BJRI
bk,BK
bkcc,BKCC
bkd,BKD
bkdt,BKDT
bkh,BKH
bki,BKI
bkkt,BKKT
bkn,BKN
bkng,BKNG
bkr,BKR
bksc,BKSC
bksy,BKSY
bkti,BKTI
bku,BKU
bkyi,BKYI
bl,BL
blac,BLAC
blacu,BLACU
blbd,BLBD
blbx,BLBX
blcm,BLCM
blco,BLCO
bld,BLD
blde,BLDE
bldp,BLDP
bldr,BLDR
ble,BLE
bleu,BLEU
blfs,BLFS
blfy,BLFY
blin,BLIN
blk,BLK
blkb,BLKB
blmn,BLMN
blnd,BLND
blng,BLNG
blngu,BLNGU
blnk,BLNK
blph,BLPH
blrx,BLRX
blte,BLTE
blue,BLUE
blw,BLW
blx,BLX
blze,BLZE
bma,BMA
bmac,BMAC
bmaq,BMAQ
bmaqu,BMAQU
bmbl,BMBL
bme,BME
bmea,BMEA
bmez,BMEZ
bmi,BMI
bmn,BMN
bmr,BMR
bmra,BMRA
bmrc,BMRC
bmrn,BMRN
bmtx,BMTX
bmy,BMY
bned,BNED
bngo,BNGO
bnh,BNH
bnix,BNIX
bnj,BNJ
bnl,BNL
bnnr,BNNR
bnox,BNOX
bnr,BNR
bnre,BNRE
bnrg,BNRG
bns,BNS
bnso,BNSO
bntc,BNTC
bntx,BNTX
bny,BNY
boac,BOAC
boc,BOC
bocn,BOCN
bocnu,BOCNU
boe,BOE
boh,BOH
bokf,BOKF
bolt,BOLT
bon,BON
boom,BOOM
boot,BOOT
borr,BORR
botj,BOTJ
bowl,BOWL
box,BOX
boxd,BOXD
boxl,BOXL
bpac,BPAC
bpacu,BPACU
bpmc,BPMC
bpopm,BPOPM
bprn,BPRN
bpt,BPT
bpth,BPTH
bpts,BPTS
bpypm,BPYPM
bpypo,BPYPO
bpypp,BPYPP
bq,BQ
br,BR
brac,BRAC
bracu,BRACU
brag,BRAG
brbr,BRBR
brbs,BRBS
brc,BRC
brcc,BRCC
brd,BRD
brdg,BRDG
brds,BRDS
brea,BREA
brez,BREZ
brfh,BRFH
brfs,BRFS
brid,BRID
briv,BRIV
brkh,BRKH
brkhu,BRKHU
brkl,BRKL
brkr,BRKR
brli,BRLI
brlt,BRLT
brmk,BRMK
brn,BRN
bro,BRO
brog,BROG
bros,BROS
brp,BRP
brqs,BRQS
brsh,BRSH
brsp,BRSP
brt,BRT
brtx,BRTX
brw,BRW
brx,BRX
bry,BRY
brze,BRZE
bsac,BSAC
bsaq,BSAQ
bsbk,BSBK
bsbr,BSBR
bset,BSET
bsfc,BSFC
bsga,BSGA
bsgau,BSGAU
bsgm,BSGM
bsig,BSIG
bsl,BSL
bsm,BSM
bsqr,BSQR
bsrr,BSRR
bst,BST
bstz,BSTZ
bsvn,BSVN
bsx,BSX
bsy,BSY
bta,BTA
btai,BTAI
btb,BTB
btbd,BTBD
btbt,BTBT
btcm,BTCM
btcs,BTCS
btcy,BTCY
bte,BTE
btg,BTG
btmd,BTMD
bto,BTO
btog,BTOG
btt,BTT
bttr,BTTR
bttx,BTTX
btu,BTU
btwn,BTWN
btwnu,BTWNU
btz,BTZ
bud,BUD
bui,BUI
bur,BUR
burl,BURL
buru,BURU
buse,BUSE
bv,BV
bvh,BVH
bvn,BVN
bvs,BVS
bvxv,BVXV
bw,BW
bwa,BWA
bwac,BWAC
bwacu,BWACU
bway,BWAY
bwb,BWB
bwbbp,BWBBP
bwc,BWC
bwen,BWEN
bwfg,BWFG
bwg,BWG
bwmn,BWMN
bwmx,BWMX
bwnb,BWNB
bwsn,BWSN
bwv,BWV
bwxt,BWXT
bx,BX
bxc,BXC
bxmt,BXMT
bxmx,BXMX
bxp,BXP
bxrx,BXRX
bxsl,BXSL
by,BY
byd,BYD
byfc,BYFC
bym,BYM
byn,BYN
bynd,BYND
byno,BYNO
bynou,BYNOU
byrn,BYRN
bysi,BYSI
byts,BYTS
bz,BZ
bzfd,BZFD
bzh,BZH
bzun,BZUN
c,C
caap,CAAP
caas,CAAS
caba,CABA
cabo,CABO
cac,CAC
cacc,CACC
caci,CACI
caco,CACO
cade,CADE
cadl,CADL
cae,CAE
caf,CAF
cag,CAG
cah,CAH
cal,CAL
calb,CALB
calm,CALM
calt,CALT
calx,CALX
camp,CAMP
camt,CAMT
can,CAN
canf,CANF
cang,CANG
cano,CANO
capl,CAPL
capr,CAPR
car,CAR
cara,CARA
carg,CARG
carm,CARM
carr,CARR
cars,CARS
carv,CARV
casa,CASA
cash,CASH
casi,CASI
cass,CASS
cat,CAT
catc,CATC
cato,CATO
catx,CATX
caty,CATY
cb,CB
cban,CBAN
cbat,CBAT
cbay,CBAY
cbd,CBD
cbfv,CBFV
cbh,CBH
cbio,CBIO
cbl,CBL
cbnk,CBNK
cbre,CBRE
cbrg,CBRG
cbrgu,CBRGU
cbrl,CBRL
cbsh,CBSH
cbt,CBT
cbu,CBU
cbz,CBZ
cc,CC
ccai,CCAI
ccaiu,CCAIU
ccap,CCAP
ccb,CCB
ccbg,CCBG
cccc,CCCC
cccs,CCCS
ccd,CCD
ccel,CCEL
ccep,CCEP
ccf,CCF
cci,CCI
ccj,CCJ
cck,CCK
ccld,CCLD
ccldo,CCLDO
ccldp,CCLDP
cclp,CCLP
ccm,CCM
ccne,CCNE
ccnep,CCNEP
cco,CCO
ccoi,CCOI
ccrd,CCRD
ccrn,CCRN
ccs,CCS
ccsi,CCSI
cctsu,CCTSU
ccv,CCV
ccvi,CCVI
ccz,CCZ
cd,CD
cdak,CDAK
cdaq,CDAQ
cdaqu,CDAQU
cday,CDAY
cde,CDE
cdio,CDIO
cdlx,CDLX
cdmo,CDMO
cdna,CDNA
cdns,CDNS
cdre,CDRE
cdro,CDRO
cdtx,CDTX
cdw,CDW
cdxc,CDXC
cdxs,CDXS
cdzi,CDZI
cdzip,CDZIP
ce,CE
cead,CEAD
ceco,CECO
cee,CEE
ceg,CEG
cei,CEI
ceix,CEIX
celc,CELC
celh,CELH
cell,CELL
celu,CELU
celz,CELZ
cem,CEM
cemi,CEMI
cen,CEN
cenn,CENN
cent,CENT
centa,CENTA
cenx,CENX
cepu,CEPU
ceqp,CEQP
cere,CERE
cers,CERS
cert,CERT
cet,CET
cetuu,CETUU
cetx,CETX
cetxp,CETXP
cev,CEV
ceva,CEVA
cf,CF
cfb,CFB
cfbk,CFBK
cffeu,CFFEU
cffi,CFFI
cffn,CFFN
cffsu,CFFSU
cfg,CFG
cfiv,CFIV
cfivu,CFIVU
cflt,CFLT
cfms,CFMS
cfr,CFR
cfrx,CFRX
cfsb,CFSB
cg,CG
cga,CGA
cgabl,CGABL
cgau,CGAU
cgbd,CGBD
cgc,CGC
cgem,CGEM
cgen,CGEN
cgnt,CGNT
cgnx,CGNX
cgo,CGO
cgrn,CGRN
cgtx,CGTX
chaa,CHAA
chci,CHCI
chco,CHCO
chct,CHCT
chdn,CHDN
che,CHE
cheau,CHEAU
chef,CHEF
chek,CHEK
chgg,CHGG
chh,CHH
chi,CHI
chk,CHK
chkp,CHKP
chmg,CHMG
chmi,CHMI
chn,CHN
chnr,CHNR
chpt,CHPT
chra,CHRA
chrb,CHRB
chrd,CHRD
chrs,CHRS
chs,CHS
chscl,CHSCL
chscm,CHSCM
chscn,CHSCN
chsco,CHSCO
chscp,CHSCP
chtr,CHTR
chuy,CHUY
chw,CHW
chwy,CHWY
chx,CHX
chy,CHY
ci,CI
cib,CIB
cidm,CIDM
cien,CIEN
cif,CIF
cifr,CIFR
cigi,CIGI
cih,CIH
cii,CII
ciig,CIIG
ciigu,CIIGU
cik,CIK
cim,CIM
cinf,CINF
cing,CING
cint,CINT
cio,CIO
cion,CION
cir,CIR
ciso,CISO
cite,CITE
civb,CIVB
civi,CIVI
cix,CIX
cizn,CIZN
cjjd,CJJD
ckpt,CKPT
ckx,CKX
cl,CL
clar,CLAR
clayu,CLAYU
clb,CLB
clbk,CLBK
clbr,CLBR
clbt,CLBT
clco,CLCO
cldt,CLDT
cldx,CLDX
cleu,CLEU
clf,CLF
clfd,CLFD
clgn,CLGN
clh,CLH
clin,CLIN
clir,CLIR
clls,CLLS
clm,CLM
clmb,CLMB
clmt,CLMT
clne,CLNE
clnn,CLNN
cloe,CLOE
clov,CLOV
clpr,CLPR
clpt,CLPT
clrb,CLRB
clrc,CLRC
clrcu,CLRCU
clro,CLRO
cls,CLS
clsd,CLSD
clsk,CLSK
clst,CLST
clvr,CLVR
clvt,CLVT
clw,CLW
clwt,CLWT
clx,CLX
clxt,CLXT
cm,CM
cma,CMA
cmax,CMAX
cmbm,CMBM
cmc,CMC
cmca,CMCA
cmcau,CMCAU
cmcl,CMCL
cmcm,CMCM
cmco,CMCO
cmcsa,CMCSA
cmct,CMCT
cme,CME
cmg,CMG
cmi,CMI
cmls,CMLS
cmmb,CMMB
cmnd,CMND
cmp,CMP
cmpo,CMPO
cmpr,CMPR
cmps,CMPS
cmpx,CMPX
cmra,CMRA
cmre,CMRE
cmrx,CMRX
cmt,CMT
cmtg,CMTG
cmtl,CMTL
cmu,CMU
cna,CNA
cnc,CNC
cnda,CNDA
cndb,CNDB
cndt,CNDT
cnet,CNET
cney,CNEY
cnf,CNF
cnfr,CNFR
cnfrl,CNFRL
cngl,CNGL
cnglu,CNGLU
cnhi,CNHI
cni,CNI
cnk,CNK
cnm,CNM
cnmd,CNMD
cnne,CNNE
cno,CNO
cnob,CNOB
cnobp,CNOBP
cnp,CNP
cnq,CNQ
cns,CNS
cnsl,CNSL
cnsp,CNSP
cnta,CNTA
cntb,CNTB
cntg,CNTG
cntx,CNTX
cnty,CNTY
cnx,CNX
cnxa,CNXA
cnxc,CNXC
cnxn,CNXN
coco,COCO
cocp,COCP
coda,CODA
codx,CODX
coe,COE
coep,COEP
cof,COF
cofs,COFS
cogt,COGT
cohn,COHN
cohr,COHR
cohu,COHU
coin,COIN
coke,COKE
colb,COLB
cold,COLD
coll,COLL
colm,COLM
comm,COMM
comp,COMP
coms,COMS
comsp,COMSP
conn,CONN
conx,CONX
cook,COOK
cool,COOL
coolu,COOLU
cop,COP
corr,CORR
cors,CORS
cort,CORT
cosm,COSM
cost,COST
coty,COTY
cour,COUR
coya,COYA
cp,CP
cpa,CPA
cpaa,CPAA
cpaau,CPAAU
cpb,CPB
cpe,CPE
cpf,CPF
cpg,CPG
cphc,CPHC
cphi,CPHI
cpix,CPIX
cpk,CPK
cplp,CPLP
cpng,CPNG
cpop,CPOP
cpri,CPRI
cprt,CPRT
cprx,CPRX
cpsh,CPSH
cpsi,CPSI
cpss,CPSS
cpt,CPT
cptk,CPTK
cptn,CPTN
cpuh,CPUH
cpz,CPZ
cqp,CQP
cr,CR
crai,CRAI
crbg,CRBG
crbp,CRBP
crbu,CRBU
crc,CRC
crct,CRCT
crdf,CRDF
crdl,CRDL
crdo,CRDO
crec,CREC
creg,CREG
cresy,CRESY
crex,CREX
crf,CRF
crge,CRGE
crgo,CRGO
crgy,CRGY
cri,CRI
cris,CRIS
crk,CRK
crkn,CRKN
crm,CRM
crmd,CRMD
crmt,CRMT
crnc,CRNC
crnt,CRNT
crnx,CRNX
cron,CRON
crox,CROX
crs,CRS
crsp,CRSP
crsr,CRSR
crt,CRT
crto,CRTO
crus,CRUS
crvl,CRVL
crvs,CRVS
crwd,CRWD
crws,CRWS
crzn,CRZN
crznu,CRZNU
csan,CSAN
csbr,CSBR
csco,CSCO
csgp,CSGP
csgs,CSGS
csii,CSII
csiq,CSIQ
csl,CSL
cspi,CSPI
csq,CSQ
csr,CSR
csse,CSSE
cssen,CSSEN
cssep,CSSEP
csta,CSTA
cste,CSTE
cstl,CSTL
cstm,CSTM
cstr,CSTR
csv,CSV
cswc,CSWC
cswi,CSWI
ctas,CTAS
ctbb,CTBB
ctbi,CTBI
ctdd,CTDD
ctg,CTG
ctgo,CTGO
ctib,CTIB
ctic,CTIC
ctkb,CTKB
ctlp,CTLP
ctlt,CTLT
ctm,CTM
ctmx,CTMX
cto,CTO
ctos,CTOS
ctr,CTR
ctra,CTRA
ctre,CTRE
ctrm,CTRM
ctrn,CTRN
cts,CTS
ctsh,CTSH
ctso,CTSO
ctv,CTV
ctva,CTVA
ctxr,CTXR
cuba,CUBA
cubb,CUBB
cube,CUBE
cubi,CUBI
cue,CUE
cuen,CUEN
cuk,CUK
cull,CULL
culp,CULP
curi,CURI
curo,CURO
curv,CURV
cutr,CUTR
cuz,CUZ
cvac,CVAC
cvbf,CVBF
cvco,CVCO
cvcy,CVCY
cve,CVE
cveo,CVEO
cvgi,CVGI
cvgw,CVGW
cvi,CVI
cvii,CVII
cvkd,CVKD
cvlg,CVLG
cvlt,CVLT
cvly,CVLY
cvm,CVM
cvna,CVNA
cvr,CVR
cvrx,CVRX
cvs,CVS
cvt,CVT
cvu,CVU
cvv,CVV
cvx,CVX
cw,CW
cwan,CWAN
cwbc,CWBC
cwbr,CWBR
cwco,CWCO
cwen,CWEN
cwh,CWH
cwk,CWK
cwst,CWST
cwt,CWT
cx,CX
cxac,CXAC
cxai,CXAI
cxdo,CXDO
cxe,CXE
cxh,CXH
cxm,CXM
cxw,CXW
cyad,CYAD
cyan,CYAN
cybn,CYBN
cybr,CYBR
cycc,CYCC
cycn,CYCN
cyd,CYD
cyh,CYH
cyn,CYN
cyrx,CYRX
cyt,CYT
cyth,CYTH
cytk,CYTK
cyto,CYTO
cyxt,CYXT
czfs,CZFS
cznc,CZNC
czoo,CZOO
czr,CZR
czwi,CZWI
d,D
dac,DAC
dada,DADA
daio,DAIO
dakt,DAKT
dal,DAL
daln,DALN
dals,DALS
dan,DAN
dao,DAO
dar,DAR
dare,DARE
dash,DASH
dats,DATS
dava,DAVA
dawn,DAWN
dbd,DBD
dbgi,DBGI
dbi,DBI
dbl,DBL
dbrg,DBRG
dbtx,DBTX
dbvt,DBVT
dbx,DBX
dc,DC
dcbo,DCBO
dcf,DCF
dcfc,DCFC
dcgo,DCGO
dci,DCI
dco,DCO
dcom,DCOM
dcomp,DCOMP
dcp,DCP
dcph,DCPH
dct,DCT
dcth,DCTH
dd,DD
ddd,DDD
ddi,DDI
ddl,DDL
ddog,DDOG
dds,DDS
ddt,DDT
de,DE
dea,DEA
deca,DECA
deck,DECK
dei,DEI
dell,DELL
den,DEN
denn,DENN
deo,DEO
derm,DERM
desp,DESP
dffn,DFFN
dfh,DFH
dfin,DFIN
dfli,DFLI
dfp,DFP
dfs,DFS
dg,DG
dghi,DGHI
dgica,DGICA
dgicb,DGICB
dgii,DGII
dgly,DGLY
dgx,DGX
dh,DH
dhac,DHAC
dhc,DHC
dhca,DHCA
dhcni,DHCNI
dhcnl,DHCNL
dhf,DHF
dhhc,DHHC
dhhcu,DHHCU
dhil,DHIL
dhr,DHR
dht,DHT
dhx,DHX
dhy,DHY
diax,DIAX
dibs,DIBS
dice,DICE
din,DIN
dino,DINO
diod,DIOD
dis,DIS
disa,DISA
dish,DISH
distu,DISTU
dit,DIT
djco,DJCO
dk,DK
dkdca,DKDCA
dkl,DKL
dkng,DKNG
dks,DKS
dla,DLA
dlb,DLB
dlhc,DLHC
dlng,DLNG
dlo,DLO
dlpn,DLPN
dlr,DLR
dlth,DLTH
dltr,DLTR
dlx,DLX
dly,DLY
dm,DM
dma,DMA
dmac,DMAC
dmb,DMB
dmf,DMF
dmlp,DMLP
dmo,DMO
dmrc,DMRC
dms,DMS
dmtk,DMTK
dmyy,DMYY
dna,DNA
dnb,DNB
dnli,DNLI
dnmr,DNMR
dnn,DNN
dnow,DNOW
dnp,DNP
dnut,DNUT
do,DO
doc,DOC
docn,DOCN
docs,DOCS
docu,DOCU
dogz,DOGZ
dole,DOLE
doma,DOMA
domh,DOMH
domo,DOMO
dooo,DOOO
door,DOOR
dorm,DORM
doug,DOUG
dov,DOV
dow,DOW
dox,DOX
doyu,DOYU
dpcsu,DPCSU
dpg,DPG
dpro,DPRO
dpsi,DPSI
dpz,DPZ
dq,DQ
drct,DRCT
drd,DRD
drh,DRH
dri,DRI
drio,DRIO
drma,DRMA
drq,DRQ
drrx,DRRX
drs,DRS
drts,DRTS
drtt,DRTT
drug,DRUG
drvn,DRVN
dsaq,DSAQ
dsey,DSEY
dsgn,DSGN
dsgr,DSGR
dske,DSKE
dsl,DSL
dsm,DSM
dsp,DSP
dss,DSS
dsu,DSU
dswl,DSWL
dsx,DSX
dtc,DTC
dtf,DTF
dtg,DTG
dtil,DTIL
dtoc,DTOC
dtocu,DTOCU
dtss,DTSS
dtst,DTST
dtw,DTW
duet,DUET
duk,DUK
dukb,DUKB
dune,DUNE
duneu,DUNEU
duo,DUO
duol,DUOL
duot,DUOT
dv,DV
dva,DVA
dvax,DVAX
dvn,DVN
dwac,DWAC
dwacu,DWACU
dwsn,DWSN
dx,DX
dxc,DXC
dxcm,DXCM
dxf,DXF
dxlg,DXLG
dxpe,DXPE
dxr,DXR
dxyn,DXYN
dy,DY
dyai,DYAI
dyn,DYN
dynt,DYNT
dzsi,DZSI
e,E
ea,EA
eac,EAC
ead,EAD
eaf,EAF
eai,EAI
ear,EAR
earn,EARN
east,EAST
eat,EAT
eb,EB
ebay,EBAY
ebc,EBC
ebet,EBET
ebf,EBF
ebix,EBIX
ebmt,EBMT
ebon,EBON
ebr,EBR
ebs,EBS
ebtc,EBTC
ec,EC
ecat,ECAT
ecbk,ECBK
ecc,ECC
eccc,ECCC
eccv,ECCV
eccw,ECCW
eccx,ECCX
ecf,ECF
ecl,ECL
ecor,ECOR
ecpg,ECPG
ecvt,ECVT
ecx,ECX
ed,ED
edap,EDAP
edbl,EDBL
edd,EDD
edf,EDF
edi,EDI
edit,EDIT
edn,EDN
edr,EDR
edry,EDRY
edsa,EDSA
edtk,EDTK
edu,EDU
educ,EDUC
ee,EE
eea,EEA
eeft,EEFT
eeiq,EEIQ
eex,EEX
efc,EFC
efht,EFHT
efoi,EFOI
efr,EFR
efsc,EFSC
efscp,EFSCP
efsh,EFSH
eft,EFT
eftr,EFTR
efx,EFX
efxt,EFXT
egan,EGAN
egbn,EGBN
egf,EGF
eggf,EGGF
eght,EGHT
egio,EGIO
egle,EGLE
eglx,EGLX
ego,EGO
egp,EGP
egrx,EGRX
egy,EGY
eh,EH
ehab,EHAB
ehc,EHC
ehi,EHI
ehth,EHTH
eic,EIC
eica,EICA
eig,EIG
eigr,EIGR
eim,EIM
eix,EIX
ejh,EJH
ekso,EKSO
ela,ELA
elan,ELAN
elbm,ELBM
elc,ELC
eldn,ELDN
elev,ELEV
ello,ELLO
elmd,ELMD
elme,ELME
elox,ELOX
els,ELS
else,ELSE
eltk,ELTK
elv,ELV
elvn,ELVN
elym,ELYM
elys,ELYS
em,EM
eman,EMAN
embc,EMBC
embk,EMBK
emcg,EMCG
emcgu,EMCGU
emd,EMD
eme,EME
emf,EMF
emkr,EMKR
eml,EML
emld,EMLD
emldu,EMLDU
emn,EMN
emo,EMO
emp,EMP
emr,EMR
emx,EMX
enb,ENB
enba,ENBA
encp,ENCP
ener,ENER
enfn,ENFN
eng,ENG
enic,ENIC
enj,ENJ
enlc,ENLC
enlt,ENLT
enlv,ENLV
eno,ENO
enob,ENOB
enov,ENOV
enph,ENPH
enr,ENR
ens,ENS
ensc,ENSC
ensg,ENSG
ensv,ENSV
enta,ENTA
entf,ENTF
entfu,ENTFU
entg,ENTG
entx,ENTX
env,ENV
enva,ENVA
envb,ENVB
envx,ENVX
enx,ENX
enz,ENZ
eocw,EOCW
eod,EOD
eog,EOG
eoi,EOI
eols,EOLS
eos,EOS
eose,EOSE
eot,EOT
ep,EP
epac,EPAC
epam,EPAM
epc,EPC
epd,EPD
epix,EPIX
epm,EPM
epow,EPOW
epr,EPR
eprt,EPRT
epsn,EPSN
eq,EQ
eqbk,EQBK
eqc,EQC
eqh,EQH
eqix,EQIX
eqnr,EQNR
eqr,EQR
eqrx,EQRX
eqs,EQS
eqt,EQT
eqx,EQX
eras,ERAS
erc,ERC
eres,ERES
erf,ERF
erh,ERH
eric,ERIC
erie,ERIE
erii,ERII
erj,ERJ
erna,ERNA
ero,ERO
eryp,ERYP
es,ES
esab,ESAB
esac,ESAC
esacu,ESACU
esca,ESCA
ese,ESE
esea,ESEA
esgr,ESGR
esi,ESI
eslt,ESLT
esmt,ESMT
esnt,ESNT
esoa,ESOA
espr,ESPR
esrt,ESRT
ess,ESS
essa,ESSA
esta,ESTA
estc,ESTC
este,ESTE
et,ET
etao,ETAO
etb,ETB
etd,ETD
etg,ETG
etj,ETJ
etn,ETN
etnb,ETNB
eto,ETO
eton,ETON
etr,ETR
etrn,ETRN
etsy,ETSY
etv,ETV
etw,ETW
etwo,ETWO
etx,ETX
ety,ETY
eu,EU
eucr,EUCR
eucru,EUCRU
euda,EUDA
eurn,EURN
eva,EVA
evax,EVAX
evbg,EVBG
evbn,EVBN
evc,EVC
evcm,EVCM
ever,EVER
evex,EVEX
evf,EVF
evg,EVG
evgn,EVGN
evgo,EVGO
evgru,EVGRU
evh,EVH
evi,EVI
evlo,EVLO
evlv,EVLV
evm,EVM
evo,EVO
evoj,EVOJ
evok,EVOK
evop,EVOP
evr,EVR
evrg,EVRG
evri,EVRI
evt,EVT
evtc,EVTC
evtl,EVTL
evtv,EVTV
evv,EVV
ew,EW
ewbc,EWBC
ewcz,EWCZ
ewtx,EWTX
exai,EXAI
exas,EXAS
exc,EXC
exd,EXD
exel,EXEL
exfy,EXFY
exg,EXG
exk,EXK
exls,EXLS
exp,EXP
expd,EXPD
expe,EXPE
expi,EXPI
expo,EXPO
expr,EXPR
exr,EXR
extr,EXTR
eye,EYE
eyen,EYEN
eypt,EYPT
ezfl,EZFL
ezgo,EZGO
ezpw,EZPW
f,F
fa,FA
fact,FACT
faf,FAF
fam,FAM
fami,FAMI
fang,FANG
fanh,FANH
faro,FARO
fast,FAST
fat,FAT
fatbb,FATBB
fatbp,FATBP
fate,FATE
fath,FATH
fatp,FATP
fatpu,FATPU
faze,FAZE
fbin,FBIN
fbio,FBIO
fbiop,FBIOP
fbiz,FBIZ
fbk,FBK
fbms,FBMS
fbrt,FBRT
fbrx,FBRX
fc,FC
fcap,FCAP
fcbc,FCBC
fcco,FCCO
fcel,FCEL
fcf,FCF
fcfs,FCFS
fcn,FCN
fcnca,FCNCA
fcnco,FCNCO
fcncp,FCNCP
fco,FCO
fcpt,FCPT
fcrx,FCRX
fcuv,FCUV
fcx,FCX
fdeu,FDEU
fdmt,FDMT
fdp,FDP
fdus,FDUS
fdx,FDX
fe,FE
feam,FEAM
fedu,FEDU
fei,FEI
feim,FEIM
fele,FELE
femy,FEMY
fen,FEN
fenc,FENC
feng,FENG
ferg,FERG
fet,FET
fexd,FEXD
fexdu,FEXDU
ff,FF
ffa,FFA
ffbc,FFBC
ffc,FFC
ffic,FFIC
ffie,FFIE
ffin,FFIN
ffiv,FFIV
ffnw,FFNW
ffwm,FFWM
fgb,FGB
fgbi,FGBI
fgbip,FGBIP
fgen,FGEN
fgf,FGF
fgfpp,FGFPP
fgh,FGH
fgi,FGI
fgmc,FGMC
fgmcu,FGMCU
fhb,FHB
fhi,FHI
fhn,FHN
fhtx,FHTX
fiac,FIAC
fiacu,FIACU
fibk,FIBK
fico,FICO
ficv,FICV
ficvu,FICVU
figs,FIGS
fins,FINS
finv,FINV
finw,FINW
fip,FIP
fis,FIS
fisi,FISI
fisv,FISV
five,FIVE
fivn,FIVN
fix,FIX
fixx,FIXX
fizz,FIZZ
fkwl,FKWL
fl,FL
flag,FLAG
flc,FLC
flex,FLEX
flfv,FLFV
flfvu,FLFVU
flgc,FLGC
flgt,FLGT
flj,FLJ
fll,FLL
flme,FLME
flnc,FLNC
flng,FLNG
flnt,FLNT
flo,FLO
flr,FLR
fls,FLS
flt,FLT
flux,FLUX
flws,FLWS
flxs,FLXS
flyw,FLYW
fmao,FMAO
fmbh,FMBH
fmc,FMC
fmiv,FMIV
fmivu,FMIVU
fmn,FMN
fmnb,FMNB
fms,FMS
fmy,FMY
fn,FN
fncb,FNCB
fnch,FNCH
fnd,FND
fnf,FNF
fngr,FNGR
fnko,FNKO
fnlc,FNLC
fnv,FNV
fnvt,FNVT
fnwb,FNWB
fnwd,FNWD
foa,FOA
focs,FOCS
fof,FOF
fold,FOLD
fonr,FONR
for,FOR
fora,FORA
ford,FORD
forg,FORG
forlu,FORLU
form,FORM
forr,FORR
forty,FORTY
fosl,FOSL
fosll,FOSLL
four,FOUR
fox,FOX
foxa,FOXA
foxf,FOXF
foxo,FOXO
fpay,FPAY
fpf,FPF
fph,FPH
fpi,FPI
fpl,FPL
fr,FR
fraf,FRAF
frba,FRBA
frbk,FRBK
frbn,FRBN
frd,FRD
free,FREE
freq,FREQ
frey,FREY
frg,FRG
frgap,FRGAP
frge,FRGE
frgi,FRGI
frgt,FRGT
frhc,FRHC
frla,FRLA
frln,FRLN
frme,FRME
frmep,FRMEP
fro,FRO
frog,FROG
frph,FRPH
frpt,FRPT
frsh,FRSH
frst,FRST
frsx,FRSX
frt,FRT
frtx,FRTX
frxb,FRXB
frza,FRZA
fsbc,FSBC
fsbw,FSBW
fsco,FSCO
fsd,FSD
fsea,FSEA
fsfg,FSFG
fsi,FSI
fsk,FSK
fslr,FSLR
fsly,FSLY
fsm,FSM
fsp,FSP
fsr,FSR
fsrx,FSRX
fss,FSS
fsv,FSV
ft,FT
ftai,FTAI
ftaim,FTAIM
ftain,FTAIN
ftaio,FTAIO
ftaip,FTAIP
ftch,FTCH
ftci,FTCI
ftdr,FTDR
ftek,FTEK
ftf,FTF
ftft,FTFT
fthm,FTHM
fthy,FTHY
fti,FTI
ftii,FTII
ftiiu,FTIIU
ftk,FTK
ftnt,FTNT
fts,FTS
ftv,FTV
fubo,FUBO
ful,FUL
fulc,FULC
fult,FULT
fultp,FULTP
fun,FUN
func,FUNC
fund,FUND
fury,FURY
fusb,FUSB
fusn,FUSN
futu,FUTU
fuv,FUV
fvcb,FVCB
fvrr,FVRR
fwbi,FWBI
fwrd,FWRD
fwrg,FWRG
fxlv,FXLV
fxnc,FXNC
fybr,FYBR
g,G
gab,GAB
gabc,GABC
gaia,GAIA
gain,GAIN
galt,GALT
gamb,GAMB
gamc,GAMC
gamcu,GAMCU
game,GAME
gan,GAN
ganx,GANX
gaq,GAQ
gass,GASS
gate,GATE
gateu,GATEU
gato,GATO
gatx,GATX
gau,GAU
gb,GB
gbab,GBAB
gbbk,GBBK
gbci,GBCI
gbdc,GBDC
gbio,GBIO
gbli,GBLI
gbnh,GBNH
gbny,GBNY
gbr,GBR
gbrg,GBRG
gbtg,GBTG
gcbc,GCBC
gcmg,GCMG
gco,GCO
gct,GCT
gctk,GCTK
gcv,GCV
gd,GD
gdc,GDC
gddy,GDDY
gden,GDEN
gdev,GDEV
gdl pr c,GDL PR C
gdnr,GDNR
gdo,GDO
gdot,GDOT
gdrx,GDRX
gds,GDS
gdst,GDST
gdv,GDV
gdyn,GDYN
ge,GE
gecc,GECC
geccm,GECCM
geccn,GECCN
gecco,GECCO
geex,GEEX
gef,GEF
geg,GEG
geggl,GEGGL
gehc,GEHC
gehi,GEHI
gel,GEL
gen,GEN
genc,GENC
gene,GENE
geni,GENI
genq,GENQ
geos,GEOS
ger,GER
gern,GERN
ges,GES
getr,GETR
gety,GETY
gevo,GEVO
gff,GFF
gfgd,GFGD
gfgdu,GFGDU
gfi,GFI
gfl,GFL
gfs,GFS
gfx,GFX
ggaa,GGAA
ggaau,GGAAU
ggal,GGAL
ggb,GGB
gge,GGE
ggg,GGG
ggn,GGN
ggr,GGR
ggt,GGT
ggz,GGZ
gh,GH
ghc,GHC
ghi,GHI
ghix,GHIX
ghixu,GHIXU
ghld,GHLD
ghm,GHM
ghrs,GHRS
ghsi,GHSI
ghy,GHY
gia,GIA
gib,GIB
gic,GIC
gifi,GIFI
giii,GIII
gil,GIL
gild,GILD
gilt,GILT
gim,GIM
gipr,GIPR
gis,GIS
gjh,GJH
gjo,GJO
gjp,GJP
gjr,GJR
gjs,GJS
gjt,GJT
gkos,GKOS
gl,GL
glad,GLAD
glbe,GLBE
glbs,GLBS
glbz,GLBZ
gldd,GLDD
gldg,GLDG
glg,GLG
glli,GLLI
glmd,GLMD
glng,GLNG
glo,GLO
glob,GLOB
glog pr a,GLOG PR A
glop,GLOP
glp,GLP
glpg,GLPG
glpi,GLPI
glq,GLQ
glre,GLRE
gls,GLS
glsi,GLSI
glst,GLST
glstu,GLSTU
glt,GLT
glta,GLTA
glto,GLTO
glu,GLU
glue,GLUE
glv,GLV
glw,GLW
glyc,GLYC
gm,GM
gmab,GMAB
gmbl,GMBL
gmblp,GMBLP
gmda,GMDA
gme,GME
gmed,GMED
gmfi,GMFI
gmfiu,GMFIU
gmgi,GMGI
gmre,GMRE
gms,GMS
gmvd,GMVD
gne,GNE
gnft,GNFT
gnk,GNK
gnl,GNL
gnln,GNLN
gnlx,GNLX
gnpx,GNPX
gnrc,GNRC
gns,GNS
gnss,GNSS
gnt,GNT
gnta,GNTA
gntx,GNTX
gnty,GNTY
gnus,GNUS
gnw,GNW
go,GO
goco,GOCO
goev,GOEV
gof,GOF
gogl,GOGL
gogn,GOGN
gogo,GOGO
gold,GOLD
golf,GOLF
goog,GOOG
googl,GOOGL
goos,GOOS
goro,GORO
goss,GOSS
gotu,GOTU
govx,GOVX
gp,GP
gpac,GPAC
gpc,GPC
gpcr,GPCR
gpi,GPI
gpja,GPJA
gpk,GPK
gpmt,GPMT
gpn,GPN
gpor,GPOR
gpre,GPRE
gprk,GPRK
gpro,GPRO
grab,GRAB
grbk,GRBK
grc,GRC
grcl,GRCL
grcy,GRCY
gree,GREE
greel,GREEL
grf,GRF
grfs,GRFS
grfx,GRFX
gril,GRIL
grin,GRIN
grmn,GRMN
grnd,GRND
grnq,GRNQ
grnt,GRNT
grom,GROM
grov,GROV
groy,GROY
grph,GRPH
grpn,GRPN
grrr,GRRR
grts,GRTS
grtx,GRTX
grwg,GRWG
grx,GRX
gsat,GSAT
gsbc,GSBC
gsbd,GSBD
gsd,GSD
gshd,GSHD
gsit,GSIT
gsk,GSK
gsl,GSL
gsm,GSM
gsmg,GSMG
gsqb,GSQB
gsrm,GSRM
gsrmu,GSRMU
gsun,GSUN
gt,GT
gtacu,GTACU
gtbp,GTBP
gte,GTE
gtec,GTEC
gtes,GTES
gth,GTH
gthx,GTHX
gtim,GTIM
gtlb,GTLB
gtls,GTLS
gtn,GTN
gtx,GTX
gtxap,GTXAP
gty,GTY
gug,GUG
gure,GURE
gut,GUT
gva,GVA
gvci,GVCI
gvciu,GVCIU
gvp,GVP
gwav,GWAV
gwh,GWH
gwre,GWRE
gwrs,GWRS
gxo,GXO
gyro,GYRO
h,H
ha,HA
hae,HAE
hafc,HAFC
haia,HAIA
haiau,HAIAU
hal,HAL
hall,HALL
halo,HALO
harp,HARP
has,HAS
hasi,HASI
hayn,HAYN
hayw,HAYW
hban,HBAN
hbanl,HBANL
hbanm,HBANM
hbanp,HBANP
hbb,HBB
hbcp,HBCP
hbi,HBI
hbio,HBIO
hbm,HBM
hbnc,HBNC
hbt,HBT
hca,HCA
hcat,HCAT
hcc,HCC
hcci,HCCI
hcdi,HCDI
hcdip,HCDIP
hci,HCI
hckt,HCKT
hcm,HCM
hcma,HCMA
hcmau,HCMAU
hcne,HCNE
hcneu,HCNEU
hcp,HCP
hcsg,HCSG
hcti,HCTI
hcwb,HCWB
hcxy,HCXY
hdb,HDB
hdsn,HDSN
he,HE
hear,HEAR
hees,HEES
hei,HEI
hele,HELE
hep,HEP
hepa,HEPA
heps,HEPS
heq,HEQ
hes,HES
hesm,HESM
hexo,HEXO
hffg,HFFG
hfro,HFRO
hfwa,HFWA
hgbl,HGBL
hgen,HGEN
hglb,HGLB
hgty,HGTY
hgv,HGV
hhc,HHC
hhgc,HHGC
hhla,HHLA
hhrs,HHRS
hhs,HHS
hi,HI
hibb,HIBB
hie,HIE
hifs,HIFS
hiho,HIHO
hii,HII
hils,HILS
hims,HIMS
himx,HIMX
hio,HIO
hipo,HIPO
hiti,HITI
hive,HIVE
hiw,HIW
hix,HIX
hkd,HKD
hl,HL
hlbz,HLBZ
hlf,HLF
hlgn,HLGN
hli,HLI
hlio,HLIO
hlit,HLIT
hlly,HLLY
hlmn,HLMN
hln,HLN
hlne,HLNE
hlt,HLT
hlth,HLTH
hlvx,HLVX
hlx,HLX
hma,HMA
hmacu,HMACU
hmnf,HMNF
hmpt,HMPT
hmst,HMST
hmy,HMY
hni,HNI
hnna,HNNA
hnnaz,HNNAZ
hnra,HNRA
hnrg,HNRG
hnvr,HNVR
hnw,HNW
hoft,HOFT
hofv,HOFV
hog,HOG
holi,HOLI
holo,HOLO
holx,HOLX
homb,HOMB
hon,HON
hone,HONE
hood,HOOD
hook,HOOK
hope,HOPE
hoth,HOTH
hour,HOUR
hous,HOUS
hov,HOV
hovnp,HOVNP
howl,HOWL
hpco,HPCO
hpe,HPE
hpf,HPF
hpi,HPI
hpk,HPK
hplt,HPLT
hpltu,HPLTU
hpp,HPP
hpq,HPQ
hps,HPS
hqh,HQH
hqi,HQI
hql,HQL
hqy,HQY
hr,HR
hrb,HRB
hri,HRI
hrl,HRL
hrmy,HRMY
hrow,HROW
hrowl,HROWL
hrowm,HROWM
hrt,HRT
hrtg,HRTG
hrtx,HRTX
hrzn,HRZN
hsai,HSAI
hsbc,HSBC
hsc,HSC
hscs,HSCS
hsdt,HSDT
hsii,HSII
hska,HSKA
hson,HSON
hspo,HSPO
hspou,HSPOU
hst,HST
hstm,HSTM
hsto,HSTO
hsy,HSY
htbi,HTBI
htbk,HTBK
htcr,HTCR
htd,HTD
htfb,HTFB
htfc,HTFC
htgc,HTGC
htgm,HTGM
hth,HTH
htht,HTHT
htia,HTIA
htibp,HTIBP
htld,HTLD
htlf,HTLF
htlfp,HTLFP
htoo,HTOO
hty,HTY
htz,HTZ
hubb,HUBB
hubc,HUBC
hubg,HUBG
hubs,HUBS
huda,HUDA
hudau,HUDAU
hudi,HUDI
huge,HUGE
huiz,HUIZ
hum,HUM
huma,HUMA
hun,HUN
hurc,HURC
hurn,HURN
husa,HUSA
hut,HUT
huya,HUYA
hvbc,HVBC
hvt,HVT
hwbk,HWBK
hwc,HWC
hwcpz,HWCPZ
hwelu,HWELU
hwkn,HWKN
hwkz,HWKZ
hwm,HWM
hxl,HXL
hy,HY
hyb,HYB
hyfm,HYFM
hyi,HYI
hyln,HYLN
hymc,HYMC
hypr,HYPR
hyt,HYT
hyw,HYW
hyzn,HYZN
hznp,HZNP
hzo,HZO
hzon,HZON
iac,IAC
iae,IAE
iaf,IAF
iag,IAG
iart,IART
ias,IAS
iaux,IAUX
iba,IBA
ibcp,IBCP
ibex,IBEX
ibio,IBIO
ibkr,IBKR
ibm,IBM
iboc,IBOC
ibp,IBP
ibrx,IBRX
ibtx,IBTX
icad,ICAD
iccc,ICCC
icch,ICCH
iccm,ICCM
icd,ICD
ice,ICE
icfi,ICFI
icg,ICG
ichr,ICHR
icl,ICL
iclk,ICLK
icmb,ICMB
icnc,ICNC
icpt,ICPT
icu,ICU
icui,ICUI
icvx,ICVX
id,ID
ida,IDA
idai,IDAI
idba,IDBA
idcc,IDCC
ide,IDE
idex,IDEX
idn,IDN
idr,IDR
idt,IDT
idw,IDW
idxx,IDXX
idya,IDYA
ie,IE
iep,IEP
iesc,IESC
iex,IEX
ifbd,IFBD
iff,IFF
ifin,IFIN
ifn,IFN
ifrx,IFRX
ifs,IFS
iga,IGA
igc,IGC
igd,IGD
igi,IGI
igic,IGIC
igms,IGMS
igr,IGR
igt,IGT
igta,IGTA
ih,IH
ihd,IHD
ihg,IHG
ihit,IHIT
ihrt,IHRT
ihs,IHS
iht,IHT
ihta,IHTA
iif,IIF
iii,III
iiin,IIIN
iiiv,IIIV
iim,IIM
iipr,IIPR
ikna,IKNA
ikt,IKT
ilag,ILAG
ilmn,ILMN
ilpt,ILPT
imab,IMAB
imaq,IMAQ
imaqu,IMAQU
imax,IMAX
imbi,IMBI
imbil,IMBIL
imcc,IMCC
imcr,IMCR
imgn,IMGN
imh,IMH
imkta,IMKTA
immp,IMMP
immr,IMMR
immx,IMMX
imnm,IMNM
imnn,IMNN
imos,IMOS
impl,IMPL
impp,IMPP
imppp,IMPPP
imrn,IMRN
imrx,IMRX
imte,IMTE
imtx,IMTX
imux,IMUX
imv,IMV
imvt,IMVT
imxi,IMXI
inab,INAB
inaq,INAQ
inbk,INBK
inbkz,INBKZ
inbs,INBS
inbx,INBX
incr,INCR
incy,INCY
indb,INDB
indi,INDI
indp,INDP
indt,INDT
infa,INFA
infi,INFI
infn,INFN
infu,INFU
infy,INFY
ing,ING
ingn,INGN
ingr,INGR
inka,INKA
inkau,INKAU
inkt,INKT
inlx,INLX
inm,INM
inmb,INMB
inmd,INMD
inn,INN
innv,INNV
ino,INO
inod,INOD
inpx,INPX
inse,INSE
insg,INSG
insi,INSI
insm,INSM
insp,INSP
inst,INST
insw,INSW
int,INT
inta,INTA
intc,INTC
inte,INTE
inteu,INTEU
intg,INTG
intr,INTR
intt,INTT
intu,INTU
intz,INTZ
inuv,INUV
inva,INVA
inve,INVE
invh,INVH
invo,INVO
invz,INVZ
inzy,INZY
iobt,IOBT
ionm,IONM
ionq,IONQ
ionr,IONR
ions,IONS
ior,IOR
iosp,IOSP
iot,IOT
iova,IOVA
ip,IP
ipa,IPA
ipar,IPAR
ipgp,IPGP
ipha,IPHA
ipi,IPI
ipsc,IPSC
ipvf,IPVF
ipvi,IPVI
ipw,IPW
ipwr,IPWR
ipx,IPX
iq,IQ
iqi,IQI
iqmd,IQMD
iqmdu,IQMDU
iqv,IQV
ir,IR
iraa,IRAA
irbt,IRBT
irdm,IRDM
iren,IREN
irix,IRIX
irm,IRM
irmd,IRMD
irnt,IRNT
iroq,IROQ
irrx,IRRX
irt,IRT
irtc,IRTC
irwd,IRWD
isd,ISD
isdr,ISDR
isee,ISEE
isig,ISIG
iso,ISO
ispc,ISPC
ispo,ISPO
isrg,ISRG
isrl,ISRL
isrlu,ISRLU
issc,ISSC
istr,ISTR
isun,ISUN
it,IT
itaq,ITAQ
itcb,ITCB
itci,ITCI
itgr,ITGR
iti,ITI
itic,ITIC
itos,ITOS
itp,ITP
itrg,ITRG
itri,ITRI
itrm,ITRM
itrn,ITRN
itt,ITT
itub,ITUB
itw,ITW
iva,IVA
ivac,IVAC
ivca,IVCA
ivcbu,IVCBU
ivcp,IVCP
ivcpu,IVCPU
ivda,IVDA
ivr,IVR
ivt,IVT
ivvd,IVVD
ivz,IVZ
ix,IX
ixaq,IXAQ
ixaqu,IXAQU
ixhl,IXHL
izea,IZEA
izm,IZM
j,J
jack,JACK
jagx,JAGX
jakk,JAKK
jamf,JAMF
jan,JAN
janx,JANX
jaqc,JAQC
jaqcu,JAQCU
jazz,JAZZ
jbgs,JBGS
jbht,JBHT
jbi,JBI
jbk,JBK
jbl,JBL
jblu,JBLU
jbss,JBSS
jbt,JBT
jce,JCE
jci,JCI
jcse,JCSE
jctcf,JCTCF
jd,JD
jef,JEF
jeld,JELD
jeq,JEQ
jewl,JEWL
jfin,JFIN
jfr,JFR
jfu,JFU
jg,JG
jggc,JGGC
jgh,JGH
jhaa,JHAA
jhg,JHG
jhi,JHI
jhs,JHS
jhx,JHX
jjsf,JJSF
jll,JLL
jls,JLS
jmac,JMAC
jmacu,JMACU
jmia,JMIA
jmm,JMM
jmsb,JMSB
jnce,JNCE
jnj,JNJ
jnpr,JNPR
joan,JOAN
job,JOB
joby,JOBY
jof,JOF
jout,JOUT
jpc,JPC
jpi,JPI
jpm,JPM
jps,JPS
jpt,JPT
jqc,JQC
jri,JRI
jro,JRO
jrs,JRS
jrvr,JRVR
jsd,JSD
jsm,JSM
jspr,JSPR
jt,JT
jugg,JUGG
juggu,JUGGU
jun,JUN
jupw,JUPW
jva,JVA
jwac,JWAC
jwel,JWEL
jwn,JWN
jwsm,JWSM
jxjt,JXJT
jxn,JXN
jynt,JYNT
jz,JZ
jzxn,JZXN
k,K
ka,KA
kai,KAI
kal,KAL
kala,KALA
kalu,KALU
kalv,KALV
kamn,KAMN
kar,KAR
karo,KARO
kavl,KAVL
kbal,KBAL
kbh,KBH
kbnt,KBNT
kbr,KBR
kc,KC
kd,KD
kdny,KDNY
kdp,KDP
ke,KE
ken,KEN
kep,KEP
kequ,KEQU
kern,KERN
kex,KEX
keys,KEYS
kf,KF
kffb,KFFB
kfrc,KFRC
kfs,KFS
kfy,KFY
kgc,KGC
khc,KHC
kids,KIDS
kim,KIM
kind,KIND
kins,KINS
kio,KIO
kiq,KIQ
kirk,KIRK
kitt,KITT
kkrs,KKRS
klac,KLAC
klic,KLIC
klr,KLR
kltr,KLTR
klxe,KLXE
kmb,KMB
kmda,KMDA
kmf,KMF
kmi,KMI
kmpb,KMPB
kmpr,KMPR
kmt,KMT
kmx,KMX
kn,KN
kndi,KNDI
knop,KNOP
knsa,KNSA
knsl,KNSL
knsw,KNSW
knte,KNTE
kntk,KNTK
knw,KNW
knx,KNX
ko,KO
kod,KOD
kodk,KODK
kof,KOF
kop,KOP
kopn,KOPN
kore,KORE
kos,KOS
koss,KOSS
kplt,KPLT
kprx,KPRX
kpti,KPTI
krbp,KRBP
krc,KRC
kref,KREF
krg,KRG
krkr,KRKR
krmd,KRMD
krnl,KRNL
krnlu,KRNLU
krnt,KRNT
krny,KRNY
kro,KRO
kron,KRON
kros,KROS
krp,KRP
krt,KRT
krtx,KRTX
krus,KRUS
krys,KRYS
kscp,KSCP
ksm,KSM
kspn,KSPN
kt,KT
ktb,KTB
ktcc,KTCC
ktf,KTF
kth,KTH
ktn,KTN
ktra,KTRA
ktta,KTTA
kuke,KUKE
kulr,KULR
kura,KURA
kvhi,KVHI
kvsa,KVSA
kvsc,KVSC
kw,KW
kwe,KWE
kwr,KWR
kxin,KXIN
kych,KYCH
kychu,KYCHU
kymr,KYMR
kyn,KYN
kzia,KZIA
kzr,KZR
l,L
lab,LAB
labp,LABP
lac,LAC
lad,LAD
ladr,LADR
lake,LAKE
lamr,LAMR
lanc,LANC
land,LAND
lanv,LANV
lark,LARK
lase,LASE
lasr,LASR
latg,LATG
laur,LAUR
law,LAW
laz,LAZ
lazr,LAZR
lazy,LAZY
lbai,LBAI
lbbb,LBBB
lbc,LBC
lbph,LBPH
lbrdk,LBRDK
lbrdp,LBRDP
lbrt,LBRT
lbtya,LBTYA
lbtyb,LBTYB
lbtyk,LBTYK
lc,LC
lca,LCA
lcaa,LCAA
lcahu,LCAHU
lcfy,LCFY
lci,LCI
lcid,LCID
lcii,LCII
lcnb,LCNB
lctx,LCTX
lcut,LCUT
lcw,LCW
ldi,LDI
ldos,LDOS
ldp,LDP
le,LE
lea,LEA
leco,LECO
leds,LEDS
leg,LEG
legh,LEGH
legn,LEGN
leju,LEJU
len,LEN
leo,LEO
lesl,LESL
leu,LEU
lev,LEV
levi,LEVI
lexx,LEXX
lfacu,LFACU
lfcr,LFCR
lfly,LFLY
lfmd,LFMD
lfmdp,LFMDP
lfst,LFST
lft,LFT
lfus,LFUS
lfvn,LFVN
lghl,LGHL
lgi,LGI
lgih,LGIH
lgl,LGL
lgmk,LGMK
lgnd,LGND
lgo,LGO
lgst,LGST
lgstu,LGSTU
lgvcu,LGVCU
lgvn,LGVN
lh,LH
lhx,LHX
li,LI
lian,LIAN
liby,LIBY
libyu,LIBYU
licn,LICN
licy,LICY
lidr,LIDR
life,LIFE
lifw,LIFW
lii,LII
lila,LILA
lilak,LILAK
lilm,LILM
lin,LIN
linc,LINC
lind,LIND
link,LINK
lipo,LIPO
liqt,LIQT
lite,LITE
litm,LITM
litt,LITT
littu,LITTU
livb,LIVB
livbu,LIVBU
live,LIVE
livn,LIVN
lixt,LIXT
lizi,LIZI
lkco,LKCO
lkfn,LKFN
lkq,LKQ
ll,LL
llap,LLAP
lly,LLY
lmat,LMAT
lmb,LMB
lmdx,LMDX
lmfa,LMFA
lmnd,LMND
lmnl,LMNL
lmnr,LMNR
lmst,LMST
lmt,LMT
lnc,LNC
lng,LNG
lnkb,LNKB
lnn,LNN
lnsr,LNSR
lnt,LNT
lnth,LNTH
lnw,LNW
lnza,LNZA
loan,LOAN
lob,LOB
locc,LOCC
locl,LOCL
loco,LOCO
lode,LODE
logi,LOGI
loma,LOMA
loop,LOOP
lope,LOPE
lov,LOV
love,LOVE
low,LOW
lpcn,LPCN
lpg,LPG
lpla,LPLA
lpro,LPRO
lpsn,LPSN
lpth,LPTH
lptv,LPTV
lptx,LPTX
lpx,LPX
lqda,LQDA
lqdt,LQDT
lrcx,LRCX
lrfc,LRFC
lrmr,LRMR
lrn,LRN
lsak,LSAK
lsbk,LSBK
lscc,LSCC
lsdi,LSDI
lsea,LSEA
lsf,LSF
lsi,LSI
lspd,LSPD
lsta,LSTA
lstr,LSTR
ltbr,LTBR
ltc,LTC
ltch,LTCH
lth,LTH
lthm,LTHM
ltrn,LTRN
ltrpa,LTRPA
ltrpb,LTRPB
ltrx,LTRX
ltry,LTRY
lu,LU
lucd,LUCD
lucy,LUCY
lulu,LULU
lumn,LUMN
lumo,LUMO
luna,LUNA
lung,LUNG
lunr,LUNR
luv,LUV
luxh,LUXH
lvacu,LVACU
lvlu,LVLU
lvo,LVO
lvox,LVOX
lvra,LVRA
lvrau,LVRAU
lvro,LVRO
lvs,LVS
lvtx,LVTX
lvwr,LVWR
lw,LW
lway,LWAY
lwlg,LWLG
lx,LX
lxeh,LXEH
lxfr,LXFR
lxp,LXP
lxrx,LXRX
lxu,LXU
lyb,LYB
lyel,LYEL
lyft,LYFT
lyg,LYG
lyra,LYRA
lyt,LYT
lyts,LYTS
lyv,LYV
lz,LZ
lzb,LZB
m,M
ma,MA
maa,MAA
mac,MAC
maca,MACA
macau,MACAU
mack,MACK
mag,MAG
maia,MAIA
main,MAIN
man,MAN
manh,MANH
manu,MANU
maps,MAPS
maqc,MAQC
maqcu,MAQCU
mar,MAR
mara,MARA
mark,MARK
marps,MARPS
marx,MARX
marxu,MARXU
mas,MAS
masi,MASI
mass,MASS
mat,MAT
math,MATH
matv,MATV
matw,MATW
matx,MATX
mav,MAV
max,MAX
maxn,MAXN
maxr,MAXR
mbac,MBAC
mbc,MBC
mbcn,MBCN
mbi,MBI
mbio,MBIO
mbly,MBLY
mbnkp,MBNKP
mbot,MBOT
mbrx,MBRX
mbsc,MBSC
mbtc,MBTC
mbtcu,MBTCU
mbuu,MBUU
mbwm,MBWM
mc,MC
mcaa,MCAA
mcaau,MCAAU
mcac,MCAC
mcacu,MCACU
mcb,MCB
mcbc,MCBC
mcbs,MCBS
mcd,MCD
mcft,MCFT
mchp,MCHP
mchx,MCHX
mck,MCK
mcld,MCLD
mcldp,MCLDP
mcn,MCN
mco,MCO
mcrb,MCRB
mcs,MCS
mcvt,MCVT
mcw,MCW
mcy,MCY
md,MD
mdb,MDB
mdgl,MDGL
mdgs,MDGS
mdia,MDIA
mdjh,MDJH
mdlz,MDLZ
mdna,MDNA
mdrx,MDRX
mdt,MDT
mdu,MDU
mdv,MDV
mdvl,MDVL
mdwd,MDWD
mdwt,MDWT
mdxg,MDXG
mdxh,MDXH
me,ME
mec,MEC
med,MED
medp,MEDP
meds,MEDS
megi,MEGI
megl,MEGL
meip,MEIP
meka,MEKA
meli,MELI
meoa,MEOA
meoau,MEOAU
meoh,MEOH
merc,MERC
mesa,MESA
meso,MESO
met,MET
meta,META
metc,METC
metcl,METCL
metx,METX
mf,MF
mfa,MFA
mfc,MFC
mfd,MFD
mfg,MFG
mfh,MFH
mfic,MFIC
mfin,MFIN
mfm,MFM
mfv,MFV
mg,MG
mga,MGA
mgam,MGAM
mgee,MGEE
mgf,MGF
mgi,MGI
mgic,MGIC
mgld,MGLD
mgm,MGM
mgni,MGNI
mgnx,MGNX
mgol,MGOL
mgpi,MGPI
mgr,MGR
mgrb,MGRB
mgrc,MGRC
mgrd,MGRD
mgrx,MGRX
mgta,MGTA
mgtx,MGTX
mgy,MGY
mgyr,MGYR
mhd,MHD
mhf,MHF
mhh,MHH
mhi,MHI
mhk,MHK
mhla,MHLA
mhld,MHLD
mhn,MHN
mhnc,MHNC
mho,MHO
mhua,MHUA
midd,MIDD
migi,MIGI
mimo,MIMO
mind,MIND
mindp,MINDP
minm,MINM
mio,MIO
mir,MIR
mirm,MIRM
miro,MIRO
mist,MIST
mita,MITA
mitau,MITAU
mitk,MITK
mitq,MITQ
mitt,MITT
mixt,MIXT
miy,MIY
mkc,MKC
mkfg,MKFG
mkl,MKL
mksi,MKSI
mktw,MKTW
mktx,MKTX
mkul,MKUL
ml,ML
mlab,MLAB
mlco,MLCO
mlec,MLEC
mlgo,MLGO
mli,MLI
mlkn,MLKN
mlnk,MLNK
mlp,MLP
mlr,MLR
mlss,MLSS
mltx,MLTX
mlvf,MLVF
mlys,MLYS
mmat,MMAT
mmd,MMD
mmlp,MMLP
mmm,MMM
mmmb,MMMB
mmp,MMP
mms,MMS
mmsi,MMSI
mmu,MMU
mmv,MMV
mmyt,MMYT
mndy,MNDY
mnk,MNK
mnkd,MNKD
mnmd,MNMD
mnov,MNOV
mnp,MNP
mnpr,MNPR
mnro,MNRO
mnsb,MNSB
mnsbp,MNSBP
mnso,MNSO
mnst,MNST
mntk,MNTK
mntn,MNTN
mnts,MNTS
mntv,MNTV
mntx,MNTX
mo,MO
mob,MOB
mobq,MOBQ
mobv,MOBV
mobvu,MOBVU
mod,MOD
modd,MODD
modg,MODG
modn,MODN
modv,MODV
mofg,MOFG
mogo,MOGO
mogu,MOGU
moh,MOH
momo,MOMO
mond,MOND
mor,MOR
morf,MORF
morn,MORN
mos,MOS
mots,MOTS
mov,MOV
move,MOVE
moxc,MOXC
mp,MP
mpaa,MPAA
mpb,MPB
mpc,MPC
mpln,MPLN
mplx,MPLX
mpra,MPRA
mprau,MPRAU
mpti,MPTI
mpu,MPU
mpv,MPV
mpw,MPW
mpwr,MPWR
mpx,MPX
mq,MQ
mqt,MQT
mqy,MQY
mrai,MRAI
mram,MRAM
mrbk,MRBK
mrc,MRC
mrcc,MRCC
mrcy,MRCY
mrdb,MRDB
mreo,MREO
mrin,MRIN
mrkr,MRKR
mrm,MRM
mrna,MRNA
mrns,MRNS
mro,MRO
mrsn,MRSN
mrtn,MRTN
mrtx,MRTX
mrus,MRUS
mrvi,MRVI
mrvl,MRVL
ms,MS
msa,MSA
msb,MSB
msbi,MSBI
msbip,MSBIP
msc,MSC
msci,MSCI
msd,MSD
msda,MSDA
msdau,MSDAU
msex,MSEX
msft,MSFT
msge,MSGE
msgm,MSGM
msgs,MSGS
msi,MSI
msn,MSN
mssa,MSSA
mssau,MSSAU
mstr,MSTR
msvb,MSVB
mta,MTA
mtac,MTAC
mtal,MTAL
mtb,MTB
mtc,MTC
mtch,MTCH
mtcn,MTCN
mtd,MTD
mtdr,MTDR
mtek,MTEK
mtem,MTEM
mtex,MTEX
mtg,MTG
mth,MTH
mtls,MTLS
mtn,MTN
mtnb,MTNB
mtp,MTP
mtr,MTR
mtrn,MTRN
mtrx,MTRX
mtry,MTRY
mtryu,MTRYU
mtsi,MTSI
mttr,MTTR
mtvc,MTVC
mtx,MTX
mtz,MTZ
mu,MU
mua,MUA
muc,MUC
mue,MUE
mufg,MUFG
mui,MUI
muj,MUJ
muln,MULN
mur,MUR
murf,MURF
musa,MUSA
mux,MUX
mvbf,MVBF
mvf,MVF
mvis,MVIS
mvla,MVLA
mvo,MVO
mvst,MVST
mvt,MVT
mwa,MWA
mx,MX
mxc,MXC
mxct,MXCT
mxe,MXE
mxf,MXF
mxl,MXL
myd,MYD
mye,MYE
myfw,MYFW
mygn,MYGN
myi,MYI
mymd,MYMD
myn,MYN
myna,MYNA
mynz,MYNZ
myo,MYO
myps,MYPS
myrg,MYRG
mysz,MYSZ
myte,MYTE
na,NA
naas,NAAS
nabl,NABL
nac,NAC
nad,NAD
naii,NAII
nak,NAK
nams,NAMS
naov,NAOV
nari,NARI
nath,NATH
nati,NATI
naut,NAUT
navb,NAVB
navi,NAVI
naz,NAZ
nbb,NBB
nbh,NBH
nbhc,NBHC
nbix,NBIX
nbn,NBN
nbo,NBO
nbr,NBR
nbrv,NBRV
nbse,NBSE
nbst,NBST
nbstu,NBSTU
nbtb,NBTB
nbtx,NBTX
nbw,NBW
nbxg,NBXG
nby,NBY
nc,NC
nca,NCA
ncac,NCAC
nclh,NCLH
ncmi,NCMI
ncna,NCNA
ncno,NCNO
ncpl,NCPL
ncr,NCR
ncra,NCRA
ncsm,NCSM
ncty,NCTY
ncv,NCV
ncz,NCZ
ndaq,NDAQ
ndls,NDLS
ndmo,NDMO
ndp,NDP
ndra,NDRA
ndsn,NDSN
ne,NE
nea,NEA
necb,NECB
nee,NEE
negg,NEGG
nem,NEM
nen,NEN
neo,NEO
neog,NEOG
neon,NEON
neov,NEOV
nep,NEP
neph,NEPH
nept,NEPT
nerv,NERV
nesr,NESR
net,NET
netc,NETC
neti,NETI
neu,NEU
newp,NEWP
newr,NEWR
newt,NEWT
newtl,NEWTL
newtz,NEWTZ
nex,NEX
nexa,NEXA
nexi,NEXI
next,NEXT
nfbk,NFBK
nfe,NFE
nfg,NFG
nfgc,NFGC
nfj,NFJ
nflx,NFLX
nfnt,NFNT
nfys,NFYS
ng,NG
ngc,NGC
ngd,NGD
ngg,NGG
ngl,NGL
ngm,NGM
ngms,NGMS
ngs,NGS
ngvc,NGVC
ngvt,NGVT
nh,NH
nhc,NHC
nhi,NHI
nhic,NHIC
nhicu,NHICU
nhs,NHS
nhtc,NHTC
nhwk,NHWK
ni,NI
nic,NIC
nice,NICE
nick,NICK
nid,NID
nie,NIE
nim,NIM
nimc,NIMC
nine,NINE
niq,NIQ
nisn,NISN
niu,NIU
njr,NJR
nke,NKE
nkg,NKG
nkla,NKLA
nksh,NKSH
nktr,NKTR
nktx,NKTX
nkx,NKX
nls,NLS
nlsp,NLSP
nltx,NLTX
nly,NLY
nmai,NMAI
nmco,NMCO
nmfc,NMFC
nmg,NMG
nmi,NMI
nmih,NMIH
nml,NML
nmm,NMM
nmr,NMR
nmrd,NMRD
nmrk,NMRK
nms,NMS
nmt,NMT
nmtc,NMTC
nmz,NMZ
nn,NN
nndm,NNDM
nni,NNI
nnn,NNN
nnox,NNOX
nnvc,NNVC
nny,NNY
noa,NOA
noah,NOAH
noc,NOC
nodk,NODK
nog,NOG
nogn,NOGN
nok,NOK
nom,NOM
nomd,NOMD
note,NOTE
notv,NOTV
nov,NOV
nova,NOVA
novn,NOVN
novt,NOVT
now,NOW
npce,NPCE
npct,NPCT
npfd,NPFD
npk,NPK
npo,NPO
npv,NPV
nqp,NQP
nr,NR
nrac,NRAC
nracu,NRACU
nrbo,NRBO
nrc,NRC
nrds,NRDS
nrdy,NRDY
nref,NREF
nrg,NRG
nrgv,NRGV
nrgx,NRGX
nrim,NRIM
nrix,NRIX
nrk,NRK
nro,NRO
nrp,NRP
nrsn,NRSN
nrt,NRT
nruc,NRUC
nrxp,NRXP
nsa,NSA
nsc,NSC
nsit,NSIT
nsl,NSL
nsp,NSP
nspr,NSPR
nss,NSS
nssc,NSSC
nstg,NSTG
nsts,NSTS
nsys,NSYS
ntap,NTAP
ntco,NTCO
ntct,NTCT
ntes,NTES
ntg,NTG
ntgr,NTGR
ntic,NTIC
ntip,NTIP
ntla,NTLA
ntnx,NTNX
ntr,NTR
ntra,NTRA
ntrb,NTRB
ntrs,NTRS
ntrso,NTRSO
ntst,NTST
ntwk,NTWK
ntz,NTZ
nu,NU
nubi,NUBI
nue,NUE
nuo,NUO
nuro,NURO
nus,NUS
nutx,NUTX
nuv,NUV
nuva,NUVA
nuvb,NUVB
nuvl,NUVL
nuw,NUW
nuwe,NUWE
nuze,NUZE
nvac,NVAC
nvax,NVAX
nvcn,NVCN
nvcr,NVCR
nvct,NVCT
nvda,NVDA
nvec,NVEC
nvee,NVEE
nvei,NVEI
nvfy,NVFY
nvg,NVG
nvgs,NVGS
nviv,NVIV
nvmi,NVMI
nvno,NVNO
nvo,NVO
nvos,NVOS
nvr,NVR
nvst,NVST
nvt,NVT
nvta,NVTA
nvts,NVTS
nvve,NVVE
nwbi,NWBI
nwe,NWE
nwfl,NWFL
nwl,NWL
nwli,NWLI
nwn,NWN
nwpx,NWPX
nws,NWS
nwsa,NWSA
nwtn,NWTN
nx,NX
nxc,NXC
nxdt,NXDT
nxe,NXE
nxg,NXG
nxgl,NXGL
nxgn,NXGN
nxj,NXJ
nxl,NXL
nxn,NXN
nxp,NXP
nxpi,NXPI
nxpl,NXPL
nxrt,NXRT
nxst,NXST
nxt,NXT
nxtc,NXTC
nxtp,NXTP
nyax,NYAX
nyc,NYC
nycb,NYCB
nymt,NYMT
nymtl,NYMTL
nymtm,NYMTM
nymtn,NYMTN
nymtz,NYMTZ
nymx,NYMX
nyt,NYT
nyxh,NYXH
nzf,NZF
o,O
oabi,OABI
ob,OB
obe,OBE
obio,OBIO
oblg,OBLG
obnk,OBNK
obt,OBT
oc,OC
ocax,OCAX
ocaxu,OCAXU
occ,OCC
occi,OCCI
occin,OCCIN
occio,OCCIO
ocea,OCEA
ocfc,OCFC
ocfcp,OCFCP
ocft,OCFT
ocg,OCG
ocgn,OCGN
ocn,OCN
ocs,OCS
ocsl,OCSL
ocul,OCUL
ocup,OCUP
ocx,OCX
odc,ODC
odfl,ODFL
odp,ODP
odv,ODV
oec,OEC
oesx,OESX
ofc,OFC
ofed,OFED
ofg,OFG
ofix,OFIX
oflx,OFLX
ofs,OFS
ofssh,OFSSH
oge,OGE
ogen,OGEN
ogi,OGI
ogn,OGN
ogs,OGS
ohaa,OHAA
ohaau,OHAAU
ohi,OHI
oi,OI
oia,OIA
oig,OIG
oii,OII
ois,OIS
oke,OKE
okta,OKTA
okyo,OKYO
olb,OLB
oled,OLED
olit,OLIT
olitu,OLITU
olk,OLK
olli,OLLI
olma,OLMA
oln,OLN
olo,OLO
olp,OLP
olpx,OLPX
om,OM
omc,OMC
omcl,OMCL
omer,OMER
omex,OMEX
omf,OMF
omga,OMGA
omh,OMH
omi,OMI
omic,OMIC
omqs,OMQS
on,ON
oncr,ONCR
oncs,ONCS
onct,ONCT
oncy,ONCY
onds,ONDS
onew,ONEW
onfo,ONFO
onl,ONL
ontf,ONTF
onto,ONTO
ontx,ONTX
onvo,ONVO
onyx,ONYX
ooma,OOMA
opa,OPA
opad,OPAD
opal,OPAL
opbk,OPBK
opch,OPCH
open,OPEN
opfi,OPFI
opgn,OPGN
ophc,OPHC
opi,OPI
opinl,OPINL
opk,OPK
opof,OPOF
opp,OPP
opra,OPRA
oprt,OPRT
oprx,OPRX
opt,OPT
optn,OPTN
optt,OPTT
opxs,OPXS
opy,OPY
or,OR
ora,ORA
oran,ORAN
orc,ORC
orcc,ORCC
orcl,ORCL
orgn,ORGN
orgo,ORGO
orgs,ORGS
ori,ORI
oria,ORIA
oric,ORIC
orla,ORLA
orly,ORLY
ormp,ORMP
orn,ORN
orrf,ORRF
ortx,ORTX
osa,OSA
osbc,OSBC
osg,OSG
osh,OSH
osis,OSIS
osk,OSK
ospn,OSPN
oss,OSS
ost,OST
ostk,OSTK
osur,OSUR
osw,OSW
otec,OTEC
otex,OTEX
otis,OTIS
otlk,OTLK
otly,OTLY
otmo,OTMO
otrk,OTRK
otrkp,OTRKP
ottr,OTTR
oust,OUST
out,OUT
ovbc,OVBC
ovid,OVID
ovly,OVLY
ovv,OVV
owl,OWL
owlt,OWLT
oxac,OXAC
oxacu,OXACU
oxbr,OXBR
oxlc,OXLC
oxlcl,OXLCL
oxlcm,OXLCM
oxlcn,OXLCN
oxlco,OXLCO
oxlcp,OXLCP
oxlcz,OXLCZ
oxm,OXM
oxsq,OXSQ
oxsqg,OXSQG
oxsql,OXSQL
oxsqz,OXSQZ
oxus,OXUS
oxusu,OXUSU
oxy,OXY
oz,OZ
ozk,OZK
ozkap,OZKAP
paa,PAA
paas,PAAS
pacb,PACB
pack,PACK
pacw,PACW
pacwp,PACWP
pags,PAGS
pahc,PAHC
pai,PAI
pali,PALI
palt,PALT
pam,PAM
pana,PANA
panl,PANL
panw,PANW
par,PAR
para,PARA
paraa,PARAA
parr,PARR
pasg,PASG
path,PATH
pati,PATI
patk,PATK
pavm,PAVM
pavs,PAVS
pax,PAX
paxs,PAXS
pay,PAY
payc,PAYC
payo,PAYO
pays,PAYS
payx,PAYX
pb,PB
pba,PBA
pbax,PBAX
pbbk,PBBK
pbf,PBF
pbfs,PBFS
pbh,PBH
pbhc,PBHC
pbi,PBI
pbla,PBLA
pbpb,PBPB
pbt,PBT
pbts,PBTS
pbyi,PBYI
pcar,PCAR
pcb,PCB
pcctu,PCCTU
pcf,PCF
pcg,PCG
pcgu,PCGU
pch,PCH
pck,PCK
pcm,PCM
pcn,PCN
pcor,PCOR
pcq,PCQ
pcrx,PCRX
pcsa,PCSA
pct,PCT
pcti,PCTI
pcttu,PCTTU
pcty,PCTY
pcvx,PCVX
pcyo,PCYO
pd,PD
pdce,PDCE
pdco,PDCO
pdd,PDD
pdex,PDEX
pdfs,PDFS
pdi,PDI
pdlb,PDLB
pdm,PDM
pdsb,PDSB
pdt,PDT
peak,PEAK
pear,PEAR
peb,PEB
pebk,PEBK
pebo,PEBO
ped,PED
peg,PEG
pega,PEGA
pegr,PEGR
pegru,PEGRU
pegy,PEGY
pen,PEN
penn,PENN
peo,PEO
pep,PEP
pepg,PEPG
pepl,PEPL
peplu,PEPLU
perf,PERF
peri,PERI
pesi,PESI
pet,PET
petq,PETQ
pets,PETS
petv,PETV
petz,PETZ
pev,PEV
pfbc,PFBC
pfc,PFC
pfd,PFD
pfg,PFG
pfgc,PFGC
pfh,PFH
pfie,PFIE
pfis,PFIS
pfl,PFL
pflt,PFLT
pfmt,PFMT
pfn,PFN
pfo,PFO
pfs,PFS
pfsi,PFSI
pfsw,PFSW
pfta,PFTA
pftau,PFTAU
pfx,PFX
pfxnz,PFXNZ
pg,PG
pgc,PGC
pgen,PGEN
pgny,PGNY
pgp,PGP
pgr,PGR
pgre,PGRE
pgru,PGRU
pgrw,PGRW
pgrwu,PGRWU
pgss,PGSS
pgti,PGTI
pgy,PGY
pgz,PGZ
ph,PH
phar,PHAR
phat,PHAT
phcf,PHCF
phd,PHD
phg,PHG
phge,PHGE
phi,PHI
phio,PHIO
phk,PHK
phm,PHM
phr,PHR
pht,PHT
phun,PHUN
phvs,PHVS
phx,PHX
phyt,PHYT
pi,PI
piai,PIAI
pii,PII
piii,PIII
pik,PIK
pim,PIM
pinc,PINC
pine,PINE
pins,PINS
pipr,PIPR
pirs,PIRS
pixy,PIXY
pjt,PJT
pk,PK
pkbk,PKBK
pke,PKE
pki,PKI
pkoh,PKOH
pkx,PKX
pl,PL
plab,PLAB
plag,PLAG
plao,PLAO
play,PLAY
plbc,PLBC
plby,PLBY
pld,PLD
plg,PLG
pll,PLL
plm,PLM
plmi,PLMI
plmiu,PLMIU
plmr,PLMR
plnt,PLNT
plow,PLOW
plpc,PLPC
plrx,PLRX
plse,PLSE
pltk,PLTK
pltn,PLTN
pltnu,PLTNU
pltr,PLTR
plug,PLUG
plur,PLUR
plus,PLUS
plxp,PLXP
plxs,PLXS
plya,PLYA
plym,PLYM
pm,PM
pmcb,PMCB
pmd,PMD
pmf,PMF
pmgm,PMGM
pml,PML
pmm,PMM
pmn,PMN
pmt,PMT
pmts,PMTS
pmvp,PMVP
pmx,PMX
pnac,PNAC
pnacu,PNACU
pnbk,PNBK
pnf,PNF
pnfp,PNFP
pnfpp,PNFPP
pnm,PNM
pnnt,PNNT
pnr,PNR
pnrg,PNRG
pnt,PNT
pntg,PNTG
pntm,PNTM
pnw,PNW
poai,POAI
poci,POCI
podd,PODD
poet,POET
pol,POL
pola,POLA
pool,POOL
por,POR
port,PORT
post,POST
powi,POWI
powl,POWL
poww,POWW
powwp,POWWP
ppbi,PPBI
ppbt,PPBT
ppg,PPG
ppih,PPIH
ppl,PPL
ppsi,PPSI
ppta,PPTA
pr,PR
praa,PRAA
prax,PRAX
prch,PRCH
prct,PRCT
prdo,PRDO
prds,PRDS
pre,PRE
prft,PRFT
prfx,PRFX
prg,PRG
prgo,PRGO
prgs,PRGS
prh,PRH
pri,PRI
prim,PRIM
prk,PRK
prlb,PRLB
prld,PRLD
prlh,PRLH
prlhu,PRLHU
prm,PRM
prme,PRME
prmw,PRMW
pro,PRO
proc,PROC
prof,PROF
prok,PROK
prov,PROV
prpc,PRPC
prph,PRPH
prpl,PRPL
prpo,PRPO
prqr,PRQR
prs,PRS
prso,PRSO
prsr,PRSR
prsru,PRSRU
prst,PRST
prt,PRT
prta,PRTA
prtc,PRTC
prtg,PRTG
prth,PRTH
prtk,PRTK
prts,PRTS
prva,PRVA
prvb,PRVB
psec,PSEC
psf,PSF
psfe,PSFE
pshg,PSHG
psmt,PSMT
psn,PSN
psnl,PSNL
psny,PSNY
pso,PSO
pspc,PSPC
pstg,PSTG
pstl,PSTL
pstv,PSTV
pstx,PSTX
psx,PSX
pt,PT
pta,PTA
ptc,PTC
ptct,PTCT
pte,PTE
pten,PTEN
ptgx,PTGX
pthru,PTHRU
ptix,PTIX
ptlo,PTLO
ptmn,PTMN
ptn,PTN
pton,PTON
ptpi,PTPI
ptra,PTRA
ptrs,PTRS
ptve,PTVE
ptwo,PTWO
ptwou,PTWOU
pty,PTY
pubm,PUBM
puck,PUCK
puk,PUK
pulm,PULM
pump,PUMP
puyi,PUYI
pvbc,PVBC
pvh,PVH
pvl,PVL
pw,PW
pwfl,PWFL
pwod,PWOD
pwp,PWP
pwr,PWR
pwsc,PWSC
pwup,PWUP
pwupu,PWUPU
px,PX
pxd,PXD
pxlw,PXLW
pxmd,PXMD
pxs,PXS
pxsap,PXSAP
pycr,PYCR
pyn,PYN
pypd,PYPD
pypl,PYPL
pyr,PYR
pyt,PYT
pyxs,PYXS
pzc,PZC
pzg,PZG
pzza,PZZA
qbts,QBTS
qcom,QCOM
qcrh,QCRH
qd,QD
qdel,QDEL
qdro,QDRO
qdrou,QDROU
qfin,QFIN
qfta,QFTA
qgen,QGEN
qh,QH
qipt,QIPT
qlgn,QLGN
qli,QLI
qlys,QLYS
qmco,QMCO
qncx,QNCX
qnrx,QNRX
qnst,QNST
qomo,QOMO
qqqx,QQQX
qrhc,QRHC
qrtea,QRTEA
qrteb,QRTEB
qrtep,QRTEP
qrvo,QRVO
qs,QS
qsg,QSG
qsi,QSI
qsr,QSR
qtek,QTEK
qtrx,QTRX
qtt,QTT
qtwo,QTWO
quad,QUAD
qubt,QUBT
quik,QUIK
quot,QUOT
qure,QURE
qvcc,QVCC
qvcd,QVCD
r,R
raas,RAAS
race,RACE
rad,RAD
radi,RADI
rail,RAIL
rain,RAIN
ram,RAM
rammu,RAMMU
ramp,RAMP
rand,RAND
rani,RANI
rapt,RAPT
rare,RARE
rave,RAVE
raya,RAYA
rbb,RBB
rbbn,RBBN
rbc,RBC
rbcaa,RBCAA
rbcp,RBCP
rbkb,RBKB
rblx,RBLX
rbot,RBOT
rbt,RBT
rcac,RCAC
rcat,RCAT
rcel,RCEL
rcfa,RCFA
rcg,RCG
rci,RCI
rckt,RCKT
rcky,RCKY
rcl,RCL
rclfu,RCLFU
rcm,RCM
rcmt,RCMT
rcon,RCON
rcrt,RCRT
rcus,RCUS
rdcm,RDCM
rdfn,RDFN
rdhl,RDHL
rdi,RDI
rdib,RDIB
rdn,RDN
rdnt,RDNT
rdvt,RDVT
rdw,RDW
rdwr,RDWR
rdy,RDY
re,RE
reax,REAX
rebn,REBN
ree,REE
refi,REFI
refr,REFR
reg,REG
regn,REGN
rei,REI
rekr,REKR
reli,RELI
rell,RELL
relx,RELX
rely,RELY
rene,RENE
renn,RENN
rent,RENT
repl,REPL
repx,REPX
rere,RERE
reta,RETA
reto,RETO
reun,REUN
revb,REVB
reve,REVE
reveu,REVEU
revg,REVG
rex,REX
rexr,REXR
reyn,REYN
rezi,REZI
rf,RF
rfac,RFAC
rfacu,RFACU
rfi,RFI
rfil,RFIL
rfl,RFL
rfm,RFM
rfmz,RFMZ
rga,RGA
rgc,RGC
rgco,RGCO
rgen,RGEN
rgf,RGF
rgld,RGLD
rgls,RGLS
rgnx,RGNX
rgp,RGP
rgs,RGS
rgt,RGT
rgti,RGTI
rh,RH
rhe,RHE
rhi,RHI
rhp,RHP
ribt,RIBT
rick,RICK
ride,RIDE
rig,RIG
rigl,RIGL
rily,RILY
rilyg,RILYG
rilyk,RILYK
rilyl,RILYL
rilym,RILYM
rilyn,RILYN
rilyo,RILYO
rilyp,RILYP
rilyt,RILYT
rilyz,RILYZ
rio,RIO
riot,RIOT
ritm,RITM
riv,RIV
rivn,RIVN
rjac,RJAC
rkda,RKDA
rklb,RKLB
rkt,RKT
rkta,RKTA
rl,RL
rlay,RLAY
rlgt,RLGT
rli,RLI
rlj,RLJ
rlmd,RLMD
rlty,RLTY
rlx,RLX
rlyb,RLYB
rm,RM
rmax,RMAX
rmbi,RMBI
rmbl,RMBL
rmbs,RMBS
rmcf,RMCF
rmd,RMD
rmed,RMED
rmi,RMI
rmm,RMM
rmmz,RMMZ
rmni,RMNI
rmr,RMR
rmt,RMT
rmti,RMTI
rna,RNA
rnaz,RNAZ
rng,RNG
rnlx,RNLX
rnp,RNP
rnr,RNR
rnst,RNST
rnw,RNW
rnxt,RNXT
road,ROAD
roc,ROC
rocc,ROCC
rocg,ROCG
rock,ROCK
rocl,ROCL
rog,ROG
roic,ROIC
roiv,ROIV
rok,ROK
roku,ROKU
rol,ROL
root,ROOT
rop,ROP
rose,ROSE
roseu,ROSEU
rost,ROST
rovr,ROVR
rpay,RPAY
rpd,RPD
rphm,RPHM
rpid,RPID
rpm,RPM
rprx,RPRX
rpt,RPT
rptx,RPTX
rqi,RQI
rrac,RRAC
rrbi,RRBI
rrc,RRC
rrgb,RRGB
rrr,RRR
rrx,RRX
rs,RS
rsf,RSF
rsg,RSG
rsi,RSI
rskd,RSKD
rsls,RSLS
rsss,RSSS
rsvr,RSVR
rtc,RTC
rtl,RTL
rtlpo,RTLPO
rtlpp,RTLPP
rto,RTO
rtx,RTX
rum,RUM
run,RUN
rusha,RUSHA
rushb,RUSHB
ruth,RUTH
rvlp,RVLP
rvlv,RVLV
rvmd,RVMD
rvnc,RVNC
rvp,RVP
rvph,RVPH
rvsb,RVSB
rvsn,RVSN
rvt,RVT
rvyl,RVYL
rway,RWAY
rwayl,RWAYL
rwayz,RWAYZ
rwlk,RWLK
rwod,RWOD
rwodu,RWODU
rwt,RWT
rxdx,RXDX
rxo,RXO
rxrx,RXRX
rxst,RXST
rxt,RXT
ryaay,RYAAY
ryam,RYAM
ryan,RYAN
ryi,RYI
ryn,RYN
rytm,RYTM
rzb,RZB
rzc,RZC
rzlt,RZLT
s,S
sa,SA
sabr,SABR
sabs,SABS
safe,SAFE
saft,SAFT
saga,SAGA
sage,SAGE
sah,SAH
saia,SAIA
saic,SAIC
saj,SAJ
sal,SAL
salm,SALM
sam,SAM
samau,SAMAU
samg,SAMG
san,SAN
sana,SANA
sand,SAND
sang,SANG
sanm,SANM
sanw,SANW
sap,SAP
sar,SAR
sasi,SASI
sat,SAT
satl,SATL
sats,SATS
satx,SATX
sava,SAVA
save,SAVE
say,SAY
sb,SB
sbac,SBAC
sbba,SBBA
sbcf,SBCF
sbet,SBET
sbev,SBEV
sbfg,SBFG
sbfm,SBFM
sbgi,SBGI
sbh,SBH
sbig,SBIG
sblk,SBLK
sbow,SBOW
sbr,SBR
sbra,SBRA
sbsi,SBSI
sbsw,SBSW
sbt,SBT
sbux,SBUX
scaq,SCAQ
scco,SCCO
scd,SCD
schl,SCHL
schn,SCHN
schw,SCHW
sci,SCI
sckt,SCKT
scl,SCL
sclx,SCLX
scm,SCM
scor,SCOR
scph,SCPH
scpl,SCPL
scrm,SCRM
scrmu,SCRMU
scs,SCS
scsc,SCSC
sctl,SCTL
scua,SCUA
scvl,SCVL
scwo,SCWO
scwx,SCWX
scyx,SCYX
sd,SD
sdac,SDAC
sdacu,SDACU
sdc,SDC
sdgr,SDGR
sdhy,SDHY
sdig,SDIG
sdrl,SDRL
se,SE
seac,SEAC
seas,SEAS
seat,SEAT
seb,SEB
seco,SECO
seda,SEDA
sedg,SEDG
seed,SEED
seel,SEEL
seer,SEER
seic,SEIC
selb,SELB
self,SELF
sem,SEM
semr,SEMR
senea,SENEA
seneb,SENEB
sens,SENS
sepa,SEPA
sepau,SEPAU
sera,SERA
ses,SES
sev,SEV
sevn,SEVN
sfb,SFB
sfbc,SFBC
sfbs,SFBS
sfe,SFE
sfix,SFIX
sfl,SFL
sfm,SFM
sfnc,SFNC
sfr,SFR
sfst,SFST
sft,SFT
sg,SG
sga,SGA
sgbx,SGBX
sgen,SGEN
sgfy,SGFY
sgh,SGH
sghc,SGHC
sghl,SGHL
sght,SGHT
sgii,SGII
sgly,SGLY
sgma,SGMA
sgmo,SGMO
sgrp,SGRP
sgry,SGRY
sgtx,SGTX
shak,SHAK
shbi,SHBI
shc,SHC
shco,SHCO
shcr,SHCR
shel,SHEL
shen,SHEN
shfs,SHFS
ship,SHIP
shls,SHLS
sho,SHO
shop,SHOP
shph,SHPH
shpw,SHPW
shua,SHUA
shuau,SHUAU
shw,SHW
si,SI
sibn,SIBN
sidu,SIDU
sieb,SIEB
sien,SIEN
sif,SIF
sify,SIFY
sig,SIG
siga,SIGA
sigi,SIGI
sigip,SIGIP
sii,SII
silc,SILC
silk,SILK
silo,SILO
silv,SILV
simo,SIMO
sint,SINT
sire,SIRE
siri,SIRI
sisi,SISI
sitc,SITC
site,SITE
sitm,SITM
six,SIX
sj,SJ
sjr,SJR
sjt,SJT
sjw,SJW
ske,SKE
skgr,SKGR
skil,SKIL
skin,SKIN
sklz,SKLZ
skt,SKT
skwd,SKWD
sky,SKY
skya,SKYA
skyau,SKYAU
skyh,SKYH
skyt,SKYT
skyw,SKYW
skyx,SKYX
slab,SLAB
slac,SLAC
slacu,SLACU
slam,SLAM
slamu,SLAMU
sldb,SLDB
sldp,SLDP
slg,SLG
slgc,SLGC
slgg,SLGG
slgl,SLGL
slgn,SLGN
sli,SLI
slm,SLM
slmbp,SLMBP
sln,SLN
slna,SLNA
slnd,SLND
slng,SLNG
slnh,SLNH
slnhp,SLNHP
slno,SLNO
slp,SLP
slqt,SLQT
slrc,SLRC
slrx,SLRX
sls,SLS
slvm,SLVM
slvr,SLVR
slvru,SLVRU
sm,SM
smap,SMAP
smar,SMAR
smbc,SMBC
smbk,SMBK
smci,SMCI
smfg,SMFG
smfl,SMFL
smg,SMG
smhi,SMHI
smid,SMID
smlp,SMLP
smlr,SMLR
smmf,SMMF
smmt,SMMT
smp,SMP
smpl,SMPL
smr,SMR
smrt,SMRT
smsi,SMSI
smtc,SMTC
smti,SMTI
smwb,SMWB
smx,SMX
sna,SNA
snal,SNAL
snap,SNAP
snax,SNAX
snbr,SNBR
snce,SNCE
sncr,SNCR
sncrl,SNCRL
sncy,SNCY
snd,SND
snda,SNDA
sndl,SNDL
sndr,SNDR
sndx,SNDX
snes,SNES
snex,SNEX
snfca,SNFCA
sngx,SNGX
snmp,SNMP
snn,SNN
snoa,SNOA
snow,SNOW
snpo,SNPO
snps,SNPS
snpx,SNPX
snse,SNSE
snt,SNT
sntg,SNTG
snti,SNTI
snv,SNV
snx,SNX
sny,SNY
so,SO
sobr,SOBR
sofi,SOFI
sofo,SOFO
soho,SOHO
sohob,SOHOB
sohon,SOHON
sohoo,SOHOO
sohu,SOHU
soi,SOI
sojc,SOJC
sojd,SOJD
soje,SOJE
sol,SOL
son,SON
sond,SOND
sonm,SONM
sonn,SONN
sono,SONO
sonx,SONX
sony,SONY
sopa,SOPA
soph,SOPH
sos,SOS
sotk,SOTK
soun,SOUN
sovo,SOVO
sp,SP
spb,SPB
spcb,SPCB
spce,SPCE
spcm,SPCM
spcmu,SPCMU
spe,SPE
spfi,SPFI
spgi,SPGI
sph,SPH
spi,SPI
spir,SPIR
spkb,SPKB
spkbu,SPKBU
splk,SPLK
splp,SPLP
spnt,SPNT
spok,SPOK
spot,SPOT
sppi,SPPI
spr,SPR
sprb,SPRB
sprc,SPRC
spro,SPRO
spru,SPRU
spry,SPRY
spsc,SPSC
spt,SPT
sptn,SPTN
spwr,SPWR
spxc,SPXC
spxx,SPXX
sq,SQ
sqft,SQFT
sqftp,SQFTP
sql,SQL
sqm,SQM
sqns,SQNS
sqsp,SQSP
sqz,SQZ
sr,SR
srad,SRAD
src,SRC
srce,SRCE
srcl,SRCL
srdx,SRDX
srea,SREA
srg,SRG
srga,SRGA
srl,SRL
srpt,SRPT
srrk,SRRK
srt,SRT
srts,SRTS
srv,SRV
srzn,SRZN
ssb,SSB
ssbi,SSBI
ssbk,SSBK
ssd,SSD
ssic,SSIC
sskn,SSKN
ssl,SSL
ssnc,SSNC
ssnt,SSNT
ssrm,SSRM
ssss,SSSS
ssssl,SSSSL
sst,SST
ssti,SSTI
sstk,SSTK
ssu,SSU
ssy,SSY
ssys,SSYS
st,ST
staa,STAA
staf,STAF
stag,STAG
star,STAR
stba,STBA
stbx,STBX
stc,STC
stcn,STCN
ste,STE
stel,STEL
stem,STEM
step,STEP
ster,STER
stet,STET
stew,STEW
stg,STG
stgw,STGW
stim,STIM
stix,STIX
stk,STK
stkh,STKH
stkl,STKL
stks,STKS
stla,STLA
stld,STLD
stm,STM
stn,STN
stne,STNE
stng,STNG
stok,STOK
str,STR
stra,STRA
strc,STRC
stre,STRE
strl,STRL
strm,STRM
stro,STRO
strr,STRR
strrp,STRRP
strs,STRS
strt,STRT
strw,STRW
stsa,STSA
stss,STSS
stt,STT
sttk,STTK
stvn,STVN
stwd,STWD
stx,STX
stxs,STXS
stz,STZ
su,SU
suac,SUAC
sum,SUM
sumo,SUMO
sunl,SUNL
sunw,SUNW
supn,SUPN
supv,SUPV
surf,SURF
surg,SURG
suz,SUZ
svc,SVC
svfd,SVFD
sviiu,SVIIU
svm,SVM
svna,SVNA
svra,SVRA
svre,SVRE
svt,SVT
svvc,SVVC
swag,SWAG
swav,SWAV
swbi,SWBI
swi,SWI
swim,SWIM
swkh,SWKH
swks,SWKS
swn,SWN
swss,SWSS
swssu,SWSSU
swtx,SWTX
swvl,SWVL
swx,SWX
swz,SWZ
sxc,SXC
sxi,SXI
sxt,SXT
sxtc,SXTC
sy,SY
sybt,SYBT
sybx,SYBX
syf,SYF
syk,SYK
sym,SYM
syna,SYNA
synh,SYNH
sypr,SYPR
syrs,SYRS
syta,SYTA
syy,SYY
szzl,SZZL
t,T
ta,TA
tact,TACT
tait,TAIT
tal,TAL
talk,TALK
talo,TALO
tals,TALS
tanh,TANH
tanni,TANNI
tannl,TANNL
tannz,TANNZ
taop,TAOP
tap,TAP
tara,TARA
taro,TARO
tars,TARS
task,TASK
tast,TAST
tatt,TATT
tayd,TAYD
tbb,TBB
tbbk,TBBK
tbc,TBC
tbcp,TBCP
tbcpu,TBCPU
tbi,TBI
tbio,TBIO
tbla,TBLA
tbld,TBLD
tblt,TBLT
tbnk,TBNK
tbph,TBPH
tc,TC
tcbc,TCBC
tcbi,TCBI
tcbio,TCBIO
tcbk,TCBK
tcbp,TCBP
tcbs,TCBS
tcbx,TCBX
tcfc,TCFC
tci,TCI
tcmd,TCMD
tcn,TCN
tcoa,TCOA
tcom,TCOM
tcon,TCON
tcpc,TCPC
tcrr,TCRR
tcrt,TCRT
tcrx,TCRX
tcva,TCVA
tcx,TCX
td,TD
tdc,TDC
tdcx,TDCX
tdf,TDF
tdg,TDG
tdoc,TDOC
tds,TDS
tdup,TDUP
tdy,TDY
teaf,TEAF
team,TEAM
tech,TECH
teck,TECK
tectp,TECTP
tedu,TEDU
tef,TEF
tei,TEI
tel,TEL
tela,TELA
tell,TELL
telz,TELZ
tenb,TENB
tenk,TENK
tenku,TENKU
tenx,TENX
teo,TEO
ter,TER
tern,TERN
tess,TESS
tetc,TETC
tetcu,TETCU
tete,TETE
teva,TEVA
tex,TEX
tfc,TFC
tffp,TFFP
tfii,TFII
tfin,TFIN
tfinp,TFINP
tfpm,TFPM
tfsa,TFSA
tfsl,TFSL
tfx,TFX
tg,TG
tgaa,TGAA
tgan,TGAN
tgb,TGB
tgi,TGI
tgl,TGL
tgls,TGLS
tgna,TGNA
tgr,TGR
tgs,TGS
tgt,TGT
tgtx,TGTX
tgvc,TGVC
th,TH
thc,THC
thch,THCH
thcp,THCP
thcpu,THCPU
thff,THFF
thm,THM
thmo,THMO
tho,THO
thq,THQ
thr,THR
thrd,THRD
thrm,THRM
thrn,THRN
thrx,THRX
thry,THRY
ths,THS
thtx,THTX
thw,THW
tig,TIG
tigo,TIGO
tigr,TIGR
til,TIL
tile,TILE
timb,TIMB
tio,TIO
tioa,TIOA
tipt,TIPT
tirx,TIRX
tisi,TISI
titn,TITN
tivc,TIVC
tixt,TIXT
tk,TK
tkat,TKAT
tkno,TKNO
tlf,TLF
tlga,TLGA
tlgy,TLGY
tlis,TLIS
tlry,TLRY
tls,TLS
tlsa,TLSA
tmbr,TMBR
tmci,TMCI
tmdx,TMDX
tme,TME
tmhc,TMHC
tmkr,TMKR
tmkru,TMKRU
tmo,TMO
tmp,TMP
tmq,TMQ
tmst,TMST
tmus,TMUS
tnc,TNC
tndm,TNDM
tnet,TNET
tngx,TNGX
tnk,TNK
tnl,TNL
tnon,TNON
tnp,TNP
tnxp,TNXP
tnya,TNYA
toac,TOAC
toi,TOI
tol,TOL
tomz,TOMZ
top,TOP
tops,TOPS
toro,TORO
tost,TOST
tour,TOUR
tovx,TOVX
town,TOWN
tpb,TPB
tpc,TPC
tpg,TPG
tph,TPH
tphs,TPHS
tpic,TPIC
tpl,TPL
tpr,TPR
tpst,TPST
tpta,TPTA
tpvg,TPVG
tpx,TPX
tpz,TPZ
tr,TR
traq,TRAQ
trc,TRC
trca,TRCA
trda,TRDA
tree,TREE
trex,TREX
trgp,TRGP
trhc,TRHC
trib,TRIB
trin,TRIN
trinl,TRINL
trip,TRIP
tris,TRIS
trka,TRKA
trmb,TRMB
trmd,TRMD
trmk,TRMK
trmr,TRMR
trn,TRN
trno,TRNO
trns,TRNS
tronu,TRONU
troo,TROO
trox,TROX
trp,TRP
trs,TRS
trt,TRT
trtl,TRTL
trtx,TRTX
tru,TRU
trup,TRUP
trvg,TRVG
trvi,TRVI
trvn,TRVN
trx,TRX
ts,TS
tsat,TSAT
tsbk,TSBK
tsco,TSCO
tse,TSE
tsem,TSEM
tsha,TSHA
tsla,TSLA
tslx,TSLX
tsm,TSM
tsn,TSN
tsp,TSP
tsq,TSQ
tsri,TSRI
tsvt,TSVT
tt,TT
ttc,TTC
ttcf,TTCF
tte,TTE
ttec,TTEC
ttek,TTEK
ttgt,TTGT
tti,TTI
ttmi,TTMI
ttnp,TTNP
ttoo,TTOO
ttp,TTP
ttsh,TTSH
ttwo,TTWO
tu,TU
tup,TUP
turn,TURN
tusk,TUSK
tuya,TUYA
tv,TV
tvc,TVC
tve,TVE
tvtx,TVTX
tw,TW
twcb,TWCB
twcbu,TWCBU
twi,TWI
twin,TWIN
twks,TWKS
twlo,TWLO
twlv,TWLV
twlvu,TWLVU
twn,TWN
twni,TWNI
twnk,TWNK
two,TWO
twoa,TWOA
twou,TWOU
twst,TWST
tx,TX
txg,TXG
txmd,TXMD
txn,TXN
txo,TXO
txrh,TXRH
txt,TXT
ty,TY
tyde,TYDE
tyg,TYG
tyl,TYL
tyra,TYRA
tzoo,TZOO
u,U
ua,UA
uaa,UAA
ual,UAL
uamy,UAMY
uan,UAN
uavs,UAVS
uba,UBA
ubcp,UBCP
uber,UBER
ubfo,UBFO
ubp,UBP
ubsi,UBSI
ubx,UBX
ucbi,UCBI
ucbio,UCBIO
ucl,UCL
uctt,UCTT
udmy,UDMY
udr,UDR
ue,UE
uec,UEC
ueic,UEIC
ufab,UFAB
ufcs,UFCS
ufi,UFI
ufpi,UFPI
ufpt,UFPT
ug,UG
ugi,UGI
ugic,UGIC
ugro,UGRO
uhal,UHAL
uhs,UHS
uht,UHT
ui,UI
uihc,UIHC
uis,UIS
uk,UK
ul,UL
ulbi,ULBI
ulcc,ULCC
ulh,ULH
ulta,ULTA
umbf,UMBF
umc,UMC
umh,UMH
unam,UNAM
unb,UNB
uncy,UNCY
unf,UNF
unfi,UNFI
unh,UNH
unit,UNIT
unm,UNM
unma,UNMA
unp,UNP
unty,UNTY
unvr,UNVR
uone,UONE
uonek,UONEK
upbd,UPBD
uph,UPH
upld,UPLD
ups,UPS
upst,UPST
uptd,UPTD
upwk,UPWK
upxi,UPXI
urbn,URBN
urg,URG
urgn,URGN
uri,URI
uroy,UROY
usac,USAC
usap,USAP
usas,USAS
usct,USCT
usdp,USDP
usea,USEA
usfd,USFD
usio,USIO
uslm,USLM
usna,USNA
utaa,UTAA
utaau,UTAAU
utf,UTF
utg,UTG
uthr,UTHR
uti,UTI
utl,UTL
utmd,UTMD
utme,UTME
utrs,UTRS
utsi,UTSI
utz,UTZ
uuu,UUU
uuuu,UUUU
uve,UVE
uvsp,UVSP
uvv,UVV
uwmc,UWMC
uxin,UXIN
v,V
vabk,VABK
vac,VAC
vacc,VACC
val,VAL
vale,VALE
valn,VALN
valu,VALU
vani,VANI
vapo,VAPO
vaqc,VAQC
vate,VATE
vaxx,VAXX
vbf,VBF
vbfc,VBFC
vbiv,VBIV
vblt,VBLT
vbnk,VBNK
vboc,VBOC
vbocu,VBOCU
vbtx,VBTX
vc,VC
vcel,VCEL
vcif,VCIF
vcnx,VCNX
vcsa,VCSA
vctr,VCTR
vcv,VCV
vcxa,VCXA
vcxau,VCXAU
vcxb,VCXB
vcyt,VCYT
veco,VECO
vect,VECT
vedu,VEDU
veee,VEEE
veev,VEEV
vel,VEL
veon,VEON
vera,VERA
verb,VERB
veri,VERI
vero,VERO
veru,VERU
verv,VERV
verx,VERX
very,VERY
vet,VET
vev,VEV
vff,VFF
vfl,VFL
vgas,VGAS
vgi,VGI
vgm,VGM
vgr,VGR
vgz,VGZ
vhaq,VHAQ
vhc,VHC
vhi,VHI
vhna,VHNA
via,VIA
viao,VIAO
viasp,VIASP
viav,VIAV
vici,VICI
vicr,VICR
view,VIEW
vigl,VIGL
vinc,VINC
vine,VINE
vinp,VINP
viot,VIOT
vips,VIPS
vir,VIR
virc,VIRC
viri,VIRI
virt,VIRT
virx,VIRX
visl,VISL
vist,VIST
vitl,VITL
viv,VIV
vivk,VIVK
vjet,VJET
vki,VKI
vkq,VKQ
vktx,VKTX
vlat,VLAT
vlatu,VLATU
vlcn,VLCN
vld,VLD
vlgea,VLGEA
vln,VLN
vlo,VLO
vlon,VLON
vlt,VLT
vlta,VLTA
vlypo,VLYPO
vlypp,VLYPP
vmar,VMAR
vmc,VMC
vmd,VMD
vmeo,VMEO
vmga,VMGA
vmi,VMI
vmo,VMO
vmw,VMW
vnce,VNCE
vnda,VNDA
vnet,VNET
vnom,VNOM
vnrx,VNRX
vnt,VNT
vntr,VNTR
voc,VOC
vor,VOR
vorb,VORB
voxr,VOXR
voxx,VOXX
voya,VOYA
vpg,VPG
vpv,VPV
vqs,VQS
vra,VRA
vrar,VRAR
vrax,VRAX
vray,VRAY
vrca,VRCA
vrdn,VRDN
vre,VRE
vrex,VREX
vrm,VRM
vrme,VRME
vrna,VRNA
vrns,VRNS
vrnt,VRNT
vrpx,VRPX
vrrm,VRRM
vrsk,VRSK
vrsn,VRSN
vrt,VRT
vrts,VRTS
vrtv,VRTV
vrtx,VRTX
vs,VS
vsac,VSAC
vsacu,VSACU
vsat,VSAT
vsco,VSCO
vsec,VSEC
vsh,VSH
vst,VST
vsta,VSTA
vstm,VSTM
vsto,VSTO
vtex,VTEX
vtgn,VTGN
vtle,VTLE
vtn,VTN
vtnr,VTNR
vtol,VTOL
vtr,VTR
vtrs,VTRS
vtru,VTRU
vts,VTS
vtsi,VTSI
vtvt,VTVT
vtyx,VTYX
vuzi,VUZI
vvi,VVI
vvos,VVOS
vvpr,VVPR
vvr,VVR
vvv,VVV
vvx,VVX
vwe,VWE
vxrt,VXRT
vyne,VYNE
vynt,VYNT
vzio,VZIO
vzla,VZLA
w,W
wab,WAB
wafd,WAFD
wafdp,WAFDP
wafu,WAFU
wald,WALD
wash,WASH
wat,WAT
watt,WATT
wavd,WAVD
wave,WAVE
wavsu,WAVSU
wb,WB
wba,WBA
wbs,WBS
wbx,WBX
wcc,WCC
wcn,WCN
wd,WD
wday,WDAY
wdc,WDC
wdfc,WDFC
wdh,WDH
wdi,WDI
wds,WDS
we,WE
wea,WEA
weav,WEAV
wec,WEC
wejo,WEJO
wel,WEL
well,WELL
wern,WERN
west,WEST
wetg,WETG
wex,WEX
weys,WEYS
wf,WF
wfc,WFC
wfcf,WFCF
wfrd,WFRD
wgo,WGO
wgs,WGS
wh,WH
whd,WHD
whf,WHF
whg,WHG
whlm,WHLM
whr,WHR
wia,WIA
wimi,WIMI
wina,WINA
wing,WING
wint,WINT
winv,WINV
wire,WIRE
wisa,WISA
wish,WISH
wiw,WIW
wix,WIX
wk,WK
wkey,WKEY
wkhs,WKHS
wkme,WKME
wksp,WKSP
wldn,WLDN
wlds,WLDS
wlfc,WLFC
wlk,WLK
wlkp,WLKP
wlms,WLMS
wm,WM
wmc,WMC
wmg,WMG
wmk,WMK
wms,WMS
wmt,WMT
wnc,WNC
wneb,WNEB
wnnr,WNNR
wnw,WNW
wolf,WOLF
woof,WOOF
wor,WOR
worx,WORX
wow,WOW
wpm,WPM
wpp,WPP
wprt,WPRT
wrac,WRAC
wrap,WRAP
wrby,WRBY
wrk,WRK
wrld,WRLD
wrn,WRN
wsbc,WSBC
wsbcp,WSBCP
wsbf,WSBF
wsc,WSC
wsfs,WSFS
wsm,WSM
wso,WSO
wsr,WSR
wst,WST
wt,WT
wtba,WTBA
wter,WTER
wtfc,WTFC
wti,WTI
wtm,WTM
wtma,WTMA
wtrg,WTRG
wts,WTS
wtt,WTT
wttr,WTTR
wu,WU
wulf,WULF
wve,WVE
wvvi,WVVI
wvvip,WVVIP
ww,WW
wwac,WWAC
wwd,WWD
wwe,WWE
wwr,WWR
www,WWW
wy,WY
wynn,WYNN
wyy,WYY
x,X
xair,XAIR
xbio,XBIO
xbit,XBIT
xcur,XCUR
xel,XEL
xela,XELA
xelap,XELAP
xelb,XELB
xene,XENE
xers,XERS
xfin,XFIN
xfinu,XFINU
xflt,XFLT
xfor,XFOR
xgn,XGN
xlo,XLO
xm,XM
xmtr,XMTR
xncr,XNCR
xnet,XNET
xom,XOM
xomao,XOMAO
xomap,XOMAP
xos,XOS
xp,XP
xpdb,XPDB
xpdbu,XPDBU
xpel,XPEL
xper,XPER
xpev,XPEV
xpl,XPL
xpo,XPO
xpof,XPOF
xpon,XPON
xpro,XPRO
xray,XRAY
xrtx,XRTX
xrx,XRX
xtlb,XTLB
xtnt,XTNT
xwel,XWEL
xxii,XXII
xyf,XYF
xyl,XYL
yala,YALA
ycbd,YCBD
yell,YELL
yelp,YELP
yeti,YETI
yext,YEXT
ygmz,YGMZ
yi,YI
yj,YJ
ymab,YMAB
ymm,YMM
yorw,YORW
yosh,YOSH
yota,YOTA
you,YOU
ypf,YPF
yq,YQ
yrd,YRD
ys,YS
ysg,YSG
yten,YTEN
ytpg,YTPG
ytra,YTRA
yum,YUM
yumc,YUMC
yvr,YVR
yy,YY
z,Z
zbh,ZBH
zbra,ZBRA
zcmd,ZCMD
zd,ZD
zdge,ZDGE
zenv,ZENV
zepp,ZEPP
zeta,ZETA
zeus,ZEUS
zev,ZEV
zfox,ZFOX
zg,ZG
zgn,ZGN
zh,ZH
zi,ZI
zim,ZIM
zimv,ZIMV
zing,ZING
zip,ZIP
zivo,ZIVO
zkin,ZKIN
zlab,ZLAB
zm,ZM
zntl,ZNTL
zom,ZOM
zs,ZS
zt,ZT
ztaqu,ZTAQU
ztek,ZTEK
zto,ZTO
ztr,ZTR
zts,ZTS
zumz,ZUMZ
zuo,ZUO
zvia,ZVIA
zvra,ZVRA
zvsa,ZVSA
zws,ZWS
zyme,ZYME
zyne,ZYNE
zyxi,ZYXI
